<?xml version = '1.0' encoding = 'UTF-8'?>
<FKArc class="oracle.dbtools.crest.model.design.relational.FKArc" directorySegmentName="seg_0" id="E830D07C-B577-7290-1BCD-B8E5EAA26E15" name="FKArc_1">
<createdBy>Carlos Iba</createdBy>
<createdTime>2025-09-15 02:29:01 UTC</createdTime>
<ownerDesignName>Centro_medico</ownerDesignName>
<mandatory>false</mandatory>
<reverseArc>true</reverseArc>
<table>0D835627-0E14-CA48-4E24-9B682B49252C</table>
<fkeys>
<fkeyID>7F9DF79D-A61F-B810-A206-FB949F594E96</fkeyID>
<fkeyID>F8BAC560-B472-4201-358F-521239A8A533</fkeyID>
</fkeys>
</FKArc>
