<?xml version = '1.0' encoding = 'UTF-8'?>
<Relation class="oracle.dbtools.crest.model.design.logical.Relation" name="Relation_13" directorySegmentName="seg_0" id="0BCD1071-5E0E-1648-9569-79DB329C7B2E">
<createdBy>Carlos Iba</createdBy>
<createdTime>2025-09-15 00:16:20 UTC</createdTime>
<ownerDesignName>Centro_medico</ownerDesignName>
<engineerTo>
<item key="42D97C96-D62E-8C4C-5C46-54C8461600C1" value="true"/>
</engineerTo>
<sourcePk>1584D16C-9919-5BED-4F4B-DED9C21327A2</sourcePk>
<targetPk>079470AF-10B8-04F1-2A2D-D839AE9DE35C</targetPk>
<identifying>false</identifying>
<nameOnTarget>atencion_id</nameOnTarget>
<optionalSource>true</optionalSource>
<optionalTarget>false</optionalTarget>
<sourceCardinality>1</sourceCardinality>
<sourceEntity>B33CBF0A-9AB3-235B-530D-018AD972C018</sourceEntity>
<targetCardinalityString>*</targetCardinalityString>
<targetEntity>83E51DD8-E7FA-C3EC-FF72-578AFB1CDB11</targetEntity>
<transferable>true</transferable>
<deleteRule>NO ACTION</deleteRule>
</Relation>
