<?xml version = '1.0' encoding = 'UTF-8'?>
<Relation class="oracle.dbtools.crest.model.design.logical.Relation" name="Relation_14" directorySegmentName="seg_0" id="301F1F61-D6CF-F01B-0664-C9C3D8BAF4A7">
<createdBy>Carlos Iba</createdBy>
<createdTime>2025-09-15 00:16:40 UTC</createdTime>
<ownerDesignName>Centro_medico</ownerDesignName>
<engineerTo>
<item key="42D97C96-D62E-8C4C-5C46-54C8461600C1" value="true"/>
</engineerTo>
<sourcePk>1584D16C-9919-5BED-4F4B-DED9C21327A2</sourcePk>
<targetPk>A649E89E-18A7-EC03-4291-8F6DE602919C</targetPk>
<identifying>false</identifying>
<nameOnTarget>examen_codigo</nameOnTarget>
<optionalSource>true</optionalSource>
<optionalTarget>false</optionalTarget>
<sourceCardinality>1</sourceCardinality>
<sourceEntity>B33CBF0A-9AB3-235B-530D-018AD972C018</sourceEntity>
<targetCardinalityString>*</targetCardinalityString>
<targetEntity>2B00BD4C-71BD-88A4-DEF2-B8D6D19B3159</targetEntity>
<transferable>true</transferable>
<deleteRule>NO ACTION</deleteRule>
</Relation>
