<?xml version = '1.0' encoding = 'UTF-8'?>
<Relation class="oracle.dbtools.crest.model.design.logical.Relation" name="Relation_11" directorySegmentName="seg_0" id="3480625E-A8FB-AAF5-D263-8C2EF13DE53C">
<createdBy>Carlos Iba</createdBy>
<createdTime>2025-09-15 00:15:23 UTC</createdTime>
<ownerDesignName>Centro_medico</ownerDesignName>
<engineerTo>
<item key="42D97C96-D62E-8C4C-5C46-54C8461600C1" value="true"/>
</engineerTo>
<sourcePk>079470AF-10B8-04F1-2A2D-D839AE9DE35C</sourcePk>
<targetPk>B1B7A0C7-AAFF-0546-90F4-592E588CA5A5</targetPk>
<identifying>false</identifying>
<optionalSource>true</optionalSource>
<optionalTarget>false</optionalTarget>
<sourceCardinality>1</sourceCardinality>
<sourceEntity>83E51DD8-E7FA-C3EC-FF72-578AFB1CDB11</sourceEntity>
<targetCardinalityString>*</targetCardinalityString>
<targetEntity>06BDA101-260B-764D-49D4-DF9A0987C957</targetEntity>
<transferable>true</transferable>
<deleteRule>NO ACTION</deleteRule>
</Relation>
