<?xml version = '1.0' encoding = 'UTF-8'?>
<Relation class="oracle.dbtools.crest.model.design.logical.Relation" name="Relation_3" directorySegmentName="seg_0" id="3D2F5EB1-CE55-93D5-A445-764F44ED6DB7">
<createdBy>Carlos Iba</createdBy>
<createdTime>2025-09-15 00:09:41 UTC</createdTime>
<ownerDesignName>Centro_medico</ownerDesignName>
<engineerTo>
<item key="42D97C96-D62E-8C4C-5C46-54C8461600C1" value="true"/>
</engineerTo>
<sourcePk>72C98D22-19B5-EB57-575D-8849967F9444</sourcePk>
<targetPk>6EF7A466-D2BB-C138-B289-92B21BCA74C8</targetPk>
<identifying>false</identifying>
<nameOnTarget>comuna_id</nameOnTarget>
<optionalSource>true</optionalSource>
<optionalTarget>false</optionalTarget>
<sourceCardinality>1</sourceCardinality>
<sourceEntity>BD4456DB-48F9-7C21-315A-1E46103B410D</sourceEntity>
<targetCardinalityString>*</targetCardinalityString>
<targetEntity>D4D6CA4A-EF75-81AD-6DE0-04A7FADE116A</targetEntity>
<transferable>true</transferable>
<deleteRule>NO ACTION</deleteRule>
</Relation>
