<?xml version = '1.0' encoding = 'UTF-8'?>
<Relation class="oracle.dbtools.crest.model.design.logical.Relation" name="Relation_4" directorySegmentName="seg_0" id="60CFC8C2-0BF7-D5D8-16A8-FEF92C67D80F">
<createdBy>Carlos Iba</createdBy>
<createdTime>2025-09-15 00:12:43 UTC</createdTime>
<ownerDesignName>Centro_medico</ownerDesignName>
<engineerTo>
<item key="42D97C96-D62E-8C4C-5C46-54C8461600C1" value="true"/>
</engineerTo>
<sourcePk>B1B7A0C7-AAFF-0546-90F4-592E588CA5A5</sourcePk>
<identifying>false</identifying>
<nameOnTarget>especialidad_id</nameOnTarget>
<optionalSource>true</optionalSource>
<optionalTarget>false</optionalTarget>
<sourceCardinality>1</sourceCardinality>
<sourceEntity>06BDA101-260B-764D-49D4-DF9A0987C957</sourceEntity>
<targetCardinalityString>*</targetCardinalityString>
<targetEntity>D8BA6773-E5FC-0723-A21D-A0CD1CDB2B07</targetEntity>
<transferable>true</transferable>
<deleteRule>NO ACTION</deleteRule>
</Relation>
