<?xml version = '1.0' encoding = 'UTF-8'?>
<Relation class="oracle.dbtools.crest.model.design.logical.Relation" name="Relation_6" directorySegmentName="seg_0" id="625A1966-3999-7EC2-AB0D-E10466249879">
<createdBy>Carlos Iba</createdBy>
<createdTime>2025-09-15 00:13:52 UTC</createdTime>
<ownerDesignName>Centro_medico</ownerDesignName>
<engineerTo>
<item key="42D97C96-D62E-8C4C-5C46-54C8461600C1" value="true"/>
</engineerTo>
<sourcePk>B1B7A0C7-AAFF-0546-90F4-592E588CA5A5</sourcePk>
<targetPk>B2BF4C8A-4F87-29BC-E836-73B1F5A9C11A</targetPk>
<identifying>false</identifying>
<nameOnTarget>afp_id</nameOnTarget>
<optionalSource>true</optionalSource>
<optionalTarget>false</optionalTarget>
<sourceCardinality>1</sourceCardinality>
<sourceEntity>06BDA101-260B-764D-49D4-DF9A0987C957</sourceEntity>
<targetCardinalityString>*</targetCardinalityString>
<targetEntity>10068329-B4E9-7A91-6A25-2334D06B7DE6</targetEntity>
<transferable>true</transferable>
<deleteRule>NO ACTION</deleteRule>
</Relation>
