<?xml version = '1.0' encoding = 'UTF-8'?>
<Relation class="oracle.dbtools.crest.model.design.logical.Relation" name="Relation_9" directorySegmentName="seg_0" id="93F15822-8C2B-443D-A539-1F7E949D6677">
<createdBy>Carlos Iba</createdBy>
<createdTime>2025-09-15 00:14:39 UTC</createdTime>
<ownerDesignName>Centro_medico</ownerDesignName>
<engineerTo>
<item key="42D97C96-D62E-8C4C-5C46-54C8461600C1" value="true"/>
</engineerTo>
<sourcePk>B1B7A0C7-AAFF-0546-90F4-592E588CA5A5</sourcePk>
<targetPk>1F2FBFFF-9B4D-3CE8-0A31-8FE4DDFBDAE7</targetPk>
<identifying>false</identifying>
<nameOnTarget>institucion_id</nameOnTarget>
<optionalSource>true</optionalSource>
<optionalTarget>false</optionalTarget>
<sourceCardinality>1</sourceCardinality>
<sourceEntity>06BDA101-260B-764D-49D4-DF9A0987C957</sourceEntity>
<targetCardinalityString>*</targetCardinalityString>
<targetEntity>19F1C404-FFA2-9E54-43DB-8CEBD4C550C4</targetEntity>
<transferable>true</transferable>
<deleteRule>NO ACTION</deleteRule>
</Relation>
