<?xml version = '1.0' encoding = 'UTF-8'?>
<Relation class="oracle.dbtools.crest.model.design.logical.Relation" name="Relation_12" directorySegmentName="seg_0" id="96FAE64B-7A7C-438A-0DB4-70FFB560D5D4">
<createdBy>Carlos Iba</createdBy>
<createdTime>2025-09-15 00:15:36 UTC</createdTime>
<ownerDesignName>Centro_medico</ownerDesignName>
<engineerTo>
<item key="42D97C96-D62E-8C4C-5C46-54C8461600C1" value="true"/>
</engineerTo>
<sourcePk>41F26BFB-CD75-A2DF-AFF3-1F49000F066E</sourcePk>
<targetPk>079470AF-10B8-04F1-2A2D-D839AE9DE35C</targetPk>
<identifying>false</identifying>
<nameOnTarget>atencion_id</nameOnTarget>
<optionalSource>true</optionalSource>
<optionalTarget>false</optionalTarget>
<sourceCardinality>1</sourceCardinality>
<sourceEntity>704C9682-9275-E8C8-BCA2-2339BBAB6291</sourceEntity>
<targetCardinalityString>*</targetCardinalityString>
<targetEntity>83E51DD8-E7FA-C3EC-FF72-578AFB1CDB11</targetEntity>
<transferable>true</transferable>
<deleteRule>NO ACTION</deleteRule>
</Relation>
