<?xml version = '1.0' encoding = 'UTF-8'?>
<Relation class="oracle.dbtools.crest.model.design.logical.Relation" name="Relation_2" directorySegmentName="seg_0" id="B6D02135-9367-EBF9-5B64-78842A7175FA">
<createdBy>Carlos Iba</createdBy>
<createdTime>2025-09-15 00:07:47 UTC</createdTime>
<ownerDesignName>Centro_medico</ownerDesignName>
<engineerTo>
<item key="42D97C96-D62E-8C4C-5C46-54C8461600C1" value="true"/>
</engineerTo>
<sourcePk>6EF7A466-D2BB-C138-B289-92B21BCA74C8</sourcePk>
<targetPk>F676E0F2-F890-EEB6-E92E-68BF763D195A</targetPk>
<identifying>false</identifying>
<optionalSource>true</optionalSource>
<optionalTarget>false</optionalTarget>
<sourceCardinality>1</sourceCardinality>
<sourceEntity>D4D6CA4A-EF75-81AD-6DE0-04A7FADE116A</sourceEntity>
<targetCardinalityString>*</targetCardinalityString>
<targetEntity>8874F83F-714B-C219-D2C0-894D391209C3</targetEntity>
<transferable>true</transferable>
<deleteRule>NO ACTION</deleteRule>
</Relation>
