<?xml version = '1.0' encoding = 'UTF-8'?>
<Relation class="oracle.dbtools.crest.model.design.logical.Relation" name="Relation_10" directorySegmentName="seg_0" id="F60CB896-5655-46C1-19E9-7A64611E2AA2">
<createdBy>Carlos Iba</createdBy>
<createdTime>2025-09-15 00:15:08 UTC</createdTime>
<ownerDesignName>Centro_medico</ownerDesignName>
<engineerTo>
<item key="42D97C96-D62E-8C4C-5C46-54C8461600C1" value="true"/>
</engineerTo>
<sourcePk>079470AF-10B8-04F1-2A2D-D839AE9DE35C</sourcePk>
<targetPk>72C98D22-19B5-EB57-575D-8849967F9444</targetPk>
<identifying>false</identifying>
<optionalSource>true</optionalSource>
<optionalTarget>false</optionalTarget>
<sourceCardinality>1</sourceCardinality>
<sourceEntity>83E51DD8-E7FA-C3EC-FF72-578AFB1CDB11</sourceEntity>
<targetCardinalityString>*</targetCardinalityString>
<targetEntity>BD4456DB-48F9-7C21-315A-1E46103B410D</targetEntity>
<transferable>true</transferable>
<deleteRule>NO ACTION</deleteRule>
</Relation>
