<?xml version = '1.0' encoding = 'UTF-8'?>
<Relation class="oracle.dbtools.crest.model.design.logical.Relation" name="Relation_15" directorySegmentName="seg_0" id="FBE6C257-891D-F125-E86B-61B499CCF373">
<createdBy>Carlos Iba</createdBy>
<createdTime>2025-09-15 00:21:48 UTC</createdTime>
<ownerDesignName>Centro_medico</ownerDesignName>
<engineerTo>
<item key="42D97C96-D62E-8C4C-5C46-54C8461600C1" value="true"/>
</engineerTo>
<sourcePk>B1B7A0C7-AAFF-0546-90F4-592E588CA5A5</sourcePk>
<targetPk>8D2CD9E7-FBCD-C3DE-4F84-CDC74E833690</targetPk>
<identifying>false</identifying>
<optionalSource>true</optionalSource>
<optionalTarget>false</optionalTarget>
<sourceCardinality>1</sourceCardinality>
<sourceEntity>06BDA101-260B-764D-49D4-DF9A0987C957</sourceEntity>
<targetCardinalityString>*</targetCardinalityString>
<targetEntity>FF345A78-AABC-4AE5-A12C-D31E42FED77E</targetEntity>
<transferable>true</transferable>
<deleteRule>NO ACTION</deleteRule>
</Relation>
