<?xml version = '1.0' encoding = 'UTF-8'?>
<FKIndexAssociation class="oracle.dbtools.crest.model.design.relational.FKIndexAssociation" directorySegmentName="seg_0" id="08232235-41AA-F95B-CBBF-554E934168D2" containerWithKeyObject="93AA4F66-CF6B-B286-B382-226FD05D22F9" localFKIndex="64FA64E0-5F18-B4CA-5975-6E157C8853CE" name="FK_AFP_MEDICO">
<createdBy>Carlos Iba</createdBy>
<createdTime>2025-09-15 02:29:01 UTC</createdTime>
<generatorID>625A1966-3999-7EC2-AB0D-E10466249879</generatorID>
<ownerDesignName>Centro_medico</ownerDesignName>
<referredTableLongName>MEDICO</referredTableLongName>
<deleteRule>NO ACTION</deleteRule>
<referredTableID>0ADC53D0-E26E-306F-0709-FFA39B22CE7E</referredTableID>
<keyObject>35A4CE05-0982-C765-096B-BDDA9418EECF</keyObject>
<referredKeyID>35A4CE05-0982-C765-096B-BDDA9418EECF</referredKeyID>
<mandatory>true</mandatory>
<refColNames>rut</refColNames>
<transferable>true</transferable>
<rely>false</rely>
<columnDependencyConstraintGenerateInDDL>true</columnDependencyConstraintGenerateInDDL>
</FKIndexAssociation>
