<?xml version = '1.0' encoding = 'UTF-8'?>
<FKIndexAssociation class="oracle.dbtools.crest.model.design.relational.FKIndexAssociation" directorySegmentName="seg_0" id="30E9278F-36D8-B60C-EBC2-F8D8F7DC9D85" containerWithKeyObject="2BD62A52-E3BD-27FB-B144-127990EEF2E3" localFKIndex="D9E6336F-94B5-6B6B-6C02-85C68239C6AC" name="FK_ESPECIALIDAD_MEDICO">
<createdBy>Carlos Iba</createdBy>
<createdTime>2025-09-15 02:29:01 UTC</createdTime>
<generatorID>60CFC8C2-0BF7-D5D8-16A8-FEF92C67D80F</generatorID>
<ownerDesignName>Centro_medico</ownerDesignName>
<referredTableLongName>MEDICO</referredTableLongName>
<deleteRule>NO ACTION</deleteRule>
<referredTableID>0ADC53D0-E26E-306F-0709-FFA39B22CE7E</referredTableID>
<keyObject>35A4CE05-0982-C765-096B-BDDA9418EECF</keyObject>
<referredKeyID>35A4CE05-0982-C765-096B-BDDA9418EECF</referredKeyID>
<mandatory>true</mandatory>
<refColNames>rut</refColNames>
<transferable>true</transferable>
<rely>false</rely>
<columnDependencyConstraintGenerateInDDL>true</columnDependencyConstraintGenerateInDDL>
</FKIndexAssociation>
