<?xml version = '1.0' encoding = 'UTF-8'?>
<FKIndexAssociation class="oracle.dbtools.crest.model.design.relational.FKIndexAssociation" directorySegmentName="seg_0" id="6351FD72-C1F6-7551-F8FD-3F9F287573A2" containerWithKeyObject="C401DC3D-6C44-6059-344F-E2197D4F12CA" localFKIndex="C35297BD-E7C2-2926-17C8-7C4CD7A6CF85" name="FK_EXAMEN_LAB_ATENCION_EXAMEN">
<createdBy>Carlos Iba</createdBy>
<createdTime>2025-09-15 02:29:01 UTC</createdTime>
<generatorID>301F1F61-D6CF-F01B-0664-C9C3D8BAF4A7</generatorID>
<ownerDesignName>Centro_medico</ownerDesignName>
<referredTableLongName>ATENCION_EXAMEN</referredTableLongName>
<deleteRule>NO ACTION</deleteRule>
<referredTableID>0157017A-15ED-216E-B3F0-1543779868FD</referredTableID>
<keyObject>50C7BE9E-4D21-FF41-5125-DB7C436D595A</keyObject>
<referredKeyID>50C7BE9E-4D21-FF41-5125-DB7C436D595A</referredKeyID>
<mandatory>true</mandatory>
<refColNames>atencion_id,examen_codigo</refColNames>
<transferable>true</transferable>
<rely>false</rely>
<columnDependencyConstraintGenerateInDDL>true</columnDependencyConstraintGenerateInDDL>
</FKIndexAssociation>
