<?xml version = '1.0' encoding = 'UTF-8'?>
<FKIndexAssociation class="oracle.dbtools.crest.model.design.relational.FKIndexAssociation" directorySegmentName="seg_0" id="7509AF66-06BA-C8E6-28B4-B85127AB534F" containerWithKeyObject="F2C27759-51C2-0C01-C882-D7BCC8069AF0" localFKIndex="7D355AD9-2141-1779-DE1D-8E63F9998CAF" name="FK_ATENCION_MEDICA_ATENCION_EXAMEN">
<createdBy>Carlos Iba</createdBy>
<createdTime>2025-09-15 02:29:01 UTC</createdTime>
<generatorID>0BCD1071-5E0E-1648-9569-79DB329C7B2E</generatorID>
<ownerDesignName>Centro_medico</ownerDesignName>
<referredTableLongName>ATENCION_EXAMEN</referredTableLongName>
<deleteRule>NO ACTION</deleteRule>
<referredTableID>0157017A-15ED-216E-B3F0-1543779868FD</referredTableID>
<keyObject>50C7BE9E-4D21-FF41-5125-DB7C436D595A</keyObject>
<referredKeyID>50C7BE9E-4D21-FF41-5125-DB7C436D595A</referredKeyID>
<mandatory>true</mandatory>
<refColNames>atencion_id,examen_codigo</refColNames>
<transferable>true</transferable>
<rely>false</rely>
<columnDependencyConstraintGenerateInDDL>true</columnDependencyConstraintGenerateInDDL>
</FKIndexAssociation>
