<?xml version = '1.0' encoding = 'UTF-8'?>
<FKIndexAssociation class="oracle.dbtools.crest.model.design.relational.FKIndexAssociation" directorySegmentName="seg_0" id="7F9DF79D-A61F-B810-A206-FB949F594E96" containerWithKeyObject="44F99E50-F4D2-394B-6EFD-70B2851D452D" localFKIndex="3662C129-80B1-A110-C0CE-6DCB5381E563" name="FK_TARJETA_PAGO_ATENCION">
<createdBy>Carlos Iba</createdBy>
<createdTime>2025-09-15 02:29:01 UTC</createdTime>
<generatorID>C9424717-8B8A-AB29-D33F-2B8DD7EE96B4</generatorID>
<ownerDesignName>Centro_medico</ownerDesignName>
<referredTableLongName>PAGO_ATENCION</referredTableLongName>
<arc>E830D07C-B577-7290-1BCD-B8E5EAA26E15</arc>
<deleteRule>NO ACTION</deleteRule>
<referredTableID>0D835627-0E14-CA48-4E24-9B682B49252C</referredTableID>
<keyObject>91DCE073-4FFD-C568-73CC-5A7BF95E54A4</keyObject>
<referredKeyID>91DCE073-4FFD-C568-73CC-5A7BF95E54A4</referredKeyID>
<mandatory>true</mandatory>
<refColNames>pago_id</refColNames>
<transferable>true</transferable>
<rely>false</rely>
<columnDependencyConstraintGenerateInDDL>true</columnDependencyConstraintGenerateInDDL>
</FKIndexAssociation>
