<?xml version = '1.0' encoding = 'UTF-8'?>
<FKIndexAssociation class="oracle.dbtools.crest.model.design.relational.FKIndexAssociation" directorySegmentName="seg_0" id="91B64386-2E38-2D9D-1C39-B12251B52ED4" containerWithKeyObject="0ADC53D0-E26E-306F-0709-FFA39B22CE7E" localFKIndex="38EE53B3-CC35-D637-5747-723E88ACE4A1" name="FK_MEDICO_ATENCION_MEDICA">
<createdBy>Carlos Iba</createdBy>
<createdTime>2025-09-15 02:29:01 UTC</createdTime>
<generatorID>3480625E-A8FB-AAF5-D263-8C2EF13DE53C</generatorID>
<ownerDesignName>Centro_medico</ownerDesignName>
<referredTableLongName>ATENCION_MEDICA</referredTableLongName>
<deleteRule>NO ACTION</deleteRule>
<referredTableID>F2C27759-51C2-0C01-C882-D7BCC8069AF0</referredTableID>
<keyObject>DC953DB7-EA71-6381-43B4-525A61F85904</keyObject>
<referredKeyID>DC953DB7-EA71-6381-43B4-525A61F85904</referredKeyID>
<mandatory>true</mandatory>
<refColNames>atencion_id</refColNames>
<transferable>true</transferable>
<rely>false</rely>
<columnDependencyConstraintGenerateInDDL>true</columnDependencyConstraintGenerateInDDL>
</FKIndexAssociation>
