<?xml version = '1.0' encoding = 'UTF-8'?>
<FKIndexAssociation class="oracle.dbtools.crest.model.design.relational.FKIndexAssociation" directorySegmentName="seg_0" id="B6EBFFD4-52D5-62B8-5503-064EED87695F" containerWithKeyObject="C9F11F20-752A-7AA9-885B-AD92C79356B5" localFKIndex="A49C6074-2D37-149A-5936-EB2B2AA55A21" name="FK_COMUNA_PACIENTE">
<createdBy>Carlos Iba</createdBy>
<createdTime>2025-09-15 02:29:01 UTC</createdTime>
<generatorID>3D2F5EB1-CE55-93D5-A445-764F44ED6DB7</generatorID>
<ownerDesignName>Centro_medico</ownerDesignName>
<referredTableLongName>PACIENTE</referredTableLongName>
<deleteRule>NO ACTION</deleteRule>
<referredTableID>568A9395-AFB7-9185-E553-FDC1D6509BCF</referredTableID>
<keyObject>19B8F357-FE81-6654-2C76-29E1269D3FE7</keyObject>
<referredKeyID>19B8F357-FE81-6654-2C76-29E1269D3FE7</referredKeyID>
<mandatory>true</mandatory>
<refColNames>rut</refColNames>
<transferable>true</transferable>
<rely>false</rely>
<columnDependencyConstraintGenerateInDDL>true</columnDependencyConstraintGenerateInDDL>
</FKIndexAssociation>
