<?xml version = '1.0' encoding = 'UTF-8'?>
<FKIndexAssociation class="oracle.dbtools.crest.model.design.relational.FKIndexAssociation" directorySegmentName="seg_0" id="E0234D74-9F76-4B3D-9E83-D70C7106B0BD" containerWithKeyObject="6A8D0D91-885D-935D-C02C-E6FC0DDC13D4" localFKIndex="F00E11C5-4C12-DBB7-06BF-0B1C5CB6D8E1" name="FK_REGIÓN_COMUNA">
<createdBy>Carlos Iba</createdBy>
<createdTime>2025-09-15 02:29:01 UTC</createdTime>
<generatorID>B6D02135-9367-EBF9-5B64-78842A7175FA</generatorID>
<ownerDesignName>Centro_medico</ownerDesignName>
<referredTableLongName>COMUNA</referredTableLongName>
<deleteRule>NO ACTION</deleteRule>
<referredTableID>C9F11F20-752A-7AA9-885B-AD92C79356B5</referredTableID>
<keyObject>DA5BAEBA-4BF9-5D62-785F-DCF05B0EB20A</keyObject>
<referredKeyID>DA5BAEBA-4BF9-5D62-785F-DCF05B0EB20A</referredKeyID>
<mandatory>true</mandatory>
<refColNames>Comuna_id</refColNames>
<transferable>true</transferable>
<rely>false</rely>
<columnDependencyConstraintGenerateInDDL>true</columnDependencyConstraintGenerateInDDL>
</FKIndexAssociation>
