<?xml version = '1.0' encoding = 'UTF-8'?>
<FKIndexAssociation class="oracle.dbtools.crest.model.design.relational.FKIndexAssociation" directorySegmentName="seg_0" id="F128B30D-46F7-F0F2-92F2-AE8A405CD82E" containerWithKeyObject="F2C27759-51C2-0C01-C882-D7BCC8069AF0" localFKIndex="588BF9AE-1CD0-2EAD-673B-BCD6D57205FF" name="FK_ATENCION_MEDICA_PAGO_ATENCION">
<createdBy>Carlos Iba</createdBy>
<createdTime>2025-09-15 02:29:01 UTC</createdTime>
<generatorID>96FAE64B-7A7C-438A-0DB4-70FFB560D5D4</generatorID>
<ownerDesignName>Centro_medico</ownerDesignName>
<referredTableLongName>PAGO_ATENCION</referredTableLongName>
<deleteRule>NO ACTION</deleteRule>
<referredTableID>0D835627-0E14-CA48-4E24-9B682B49252C</referredTableID>
<keyObject>91DCE073-4FFD-C568-73CC-5A7BF95E54A4</keyObject>
<referredKeyID>91DCE073-4FFD-C568-73CC-5A7BF95E54A4</referredKeyID>
<mandatory>true</mandatory>
<refColNames>pago_id</refColNames>
<transferable>true</transferable>
<rely>false</rely>
<columnDependencyConstraintGenerateInDDL>true</columnDependencyConstraintGenerateInDDL>
</FKIndexAssociation>
