<?xml version = '1.0' encoding = 'UTF-8'?>
<FKIndexAssociation class="oracle.dbtools.crest.model.design.relational.FKIndexAssociation" directorySegmentName="seg_0" id="F19374A3-1940-BA30-5E7C-9D561D950B7B" containerWithKeyObject="568A9395-AFB7-9185-E553-FDC1D6509BCF" localFKIndex="98CBDD02-4F27-F65B-3DA5-8AA20ED6A84A" name="FK_PACIENTE_ATENCION_MEDICA">
<createdBy>Carlos Iba</createdBy>
<createdTime>2025-09-15 02:29:01 UTC</createdTime>
<generatorID>F60CB896-5655-46C1-19E9-7A64611E2AA2</generatorID>
<ownerDesignName>Centro_medico</ownerDesignName>
<referredTableLongName>ATENCION_MEDICA</referredTableLongName>
<deleteRule>NO ACTION</deleteRule>
<referredTableID>F2C27759-51C2-0C01-C882-D7BCC8069AF0</referredTableID>
<keyObject>DC953DB7-EA71-6381-43B4-525A61F85904</keyObject>
<referredKeyID>DC953DB7-EA71-6381-43B4-525A61F85904</referredKeyID>
<mandatory>true</mandatory>
<refColNames>atencion_id</refColNames>
<transferable>true</transferable>
<rely>false</rely>
<columnDependencyConstraintGenerateInDDL>true</columnDependencyConstraintGenerateInDDL>
</FKIndexAssociation>
