<?xml version = '1.0' encoding = 'UTF-8'?>
<FKIndexAssociation class="oracle.dbtools.crest.model.design.relational.FKIndexAssociation" directorySegmentName="seg_0" id="F6B1B4E9-1779-17B0-1701-288EE0A6CBAD" containerWithKeyObject="7B9EF47D-2EEB-6278-A7EC-E1E282F7ADA6" localFKIndex="27396EDC-D7CA-F5DA-EA81-F7092FB7D982" name="FK_INSTITUCION_SALUD_MEDICO">
<createdBy>Carlos Iba</createdBy>
<createdTime>2025-09-15 02:29:01 UTC</createdTime>
<generatorID>93F15822-8C2B-443D-A539-1F7E949D6677</generatorID>
<ownerDesignName>Centro_medico</ownerDesignName>
<referredTableLongName>MEDICO</referredTableLongName>
<deleteRule>NO ACTION</deleteRule>
<referredTableID>0ADC53D0-E26E-306F-0709-FFA39B22CE7E</referredTableID>
<keyObject>35A4CE05-0982-C765-096B-BDDA9418EECF</keyObject>
<referredKeyID>35A4CE05-0982-C765-096B-BDDA9418EECF</referredKeyID>
<mandatory>true</mandatory>
<refColNames>rut</refColNames>
<transferable>true</transferable>
<rely>false</rely>
<columnDependencyConstraintGenerateInDDL>true</columnDependencyConstraintGenerateInDDL>
</FKIndexAssociation>
