<?xml version = '1.0' encoding = 'UTF-8'?>
<FKIndexAssociation class="oracle.dbtools.crest.model.design.relational.FKIndexAssociation" directorySegmentName="seg_0" id="F8BAC560-B472-4201-358F-521239A8A533" containerWithKeyObject="4A5E650E-EADF-194A-043D-B8871D1139C1" localFKIndex="8209DB4E-5186-A7F0-9C82-CE0FFA4B2B77" name="FK_EFECTIVO_PAGO_ATENCION">
<createdBy>Carlos Iba</createdBy>
<createdTime>2025-09-15 02:29:01 UTC</createdTime>
<generatorID>EF577A7F-7577-CE11-0715-DC4117DE8877</generatorID>
<ownerDesignName>Centro_medico</ownerDesignName>
<referredTableLongName>PAGO_ATENCION</referredTableLongName>
<arc>E830D07C-B577-7290-1BCD-B8E5EAA26E15</arc>
<deleteRule>NO ACTION</deleteRule>
<referredTableID>0D835627-0E14-CA48-4E24-9B682B49252C</referredTableID>
<keyObject>91DCE073-4FFD-C568-73CC-5A7BF95E54A4</keyObject>
<referredKeyID>91DCE073-4FFD-C568-73CC-5A7BF95E54A4</referredKeyID>
<mandatory>true</mandatory>
<refColNames>pago_id</refColNames>
<transferable>true</transferable>
<rely>false</rely>
<columnDependencyConstraintGenerateInDDL>true</columnDependencyConstraintGenerateInDDL>
</FKIndexAssociation>
