<?xml version = '1.0' encoding = 'UTF-8'?>
<FKIndexAssociation class="oracle.dbtools.crest.model.design.relational.FKIndexAssociation" directorySegmentName="seg_0" id="FD8266F5-DD5F-1069-5CDE-3CEEB3A3E189" containerWithKeyObject="C0354DB9-59AE-35C3-8BFE-B01D2540CB2D" localFKIndex="A50FDA0C-0475-DC1B-A855-C5AA6290E8AD" name="FK_UNIDAD_ATENCION_MEDICO">
<createdBy>Carlos Iba</createdBy>
<createdTime>2025-09-15 02:29:01 UTC</createdTime>
<generatorID>FBE6C257-891D-F125-E86B-61B499CCF373</generatorID>
<ownerDesignName>Centro_medico</ownerDesignName>
<referredTableLongName>MEDICO</referredTableLongName>
<deleteRule>NO ACTION</deleteRule>
<referredTableID>0ADC53D0-E26E-306F-0709-FFA39B22CE7E</referredTableID>
<keyObject>35A4CE05-0982-C765-096B-BDDA9418EECF</keyObject>
<referredKeyID>35A4CE05-0982-C765-096B-BDDA9418EECF</referredKeyID>
<mandatory>true</mandatory>
<refColNames>rut</refColNames>
<transferable>true</transferable>
<rely>false</rely>
<columnDependencyConstraintGenerateInDDL>true</columnDependencyConstraintGenerateInDDL>
</FKIndexAssociation>
