<?xml version = '1.0' encoding = 'UTF-8'?>
<relationalModel class="oracle.dbtools.crest.model.design.relational.RelationalDesign" name="Relational_1" id="42D97C96-D62E-8C4C-5C46-54C8461600C1" mainViewID="E4FF7107-1496-A902-BFBC-E1179935D372">
<createdBy>Carlos Iba</createdBy>
<createdTime>2025-09-14 21:32:04 UTC</createdTime>
<ownerDesignName>Centro_medico</ownerDesignName>
<shouldBeOpen>false</shouldBeOpen>
<selectedRDBMSSite>32076570-2523-435C-2E92-BF29817DFF70</selectedRDBMSSite>
</relationalModel>