<?xml version = '1.0' encoding = 'UTF-8'?>
<Diagram class="oracle.dbtools.crest.swingui.logical.DPVLogical" name="Logical" id="78DABD9B-44B3-E53D-383E-FDCAE315A80C">
<createdBy>Carlos Iba</createdBy>
<modifiedBy>Carlos Iba</modifiedBy>
<createdTime>2025-09-14 21:34:24 UTC</createdTime>
<autoRoute>false</autoRoute>
<boxInbox>false</boxInbox>
<showLegend>false</showLegend>
<showLabels>false</showLabels>
<showRelAttributes>false</showRelAttributes>
<gridEnabled>false</gridEnabled>
<showGrid>false</showGrid>
<diagramColor>-1</diagramColor>
<display>false</display>
<notation>1</notation>
<objectViews>
<OView class="oracle.dbtools.crest.swingui.logical.TVEntity" oid="06BDA101-260B-764D-49D4-DF9A0987C957" otype="Entity" vid="564BC905-F014-24C4-DB7F-3097A30A7DDD">
<hideElementsInCurrentOnly>false</hideElementsInCurrentOnly>
<bounds x="294" y="179" width="212" height="144"/>
</OView>
<OView class="oracle.dbtools.crest.swingui.logical.TVEntity" oid="10068329-B4E9-7A91-6A25-2334D06B7DE6" otype="Entity" vid="C5F092C6-40A2-72CE-7C2F-B2EEFABB8222">
<hideElementsInCurrentOnly>false</hideElementsInCurrentOnly>
<bounds x="518" y="359" width="141" height="88"/>
</OView>
<OView class="oracle.dbtools.crest.swingui.logical.TVEntity" oid="19F1C404-FFA2-9E54-43DB-8CEBD4C550C4" otype="Entity" vid="E648DA96-A9F0-641F-EBBC-5795AA971833">
<hideElementsInCurrentOnly>false</hideElementsInCurrentOnly>
<bounds x="600" y="234" width="231" height="102"/>
</OView>
<OView class="oracle.dbtools.crest.swingui.logical.TVEntity" oid="205F8943-97BE-520F-5B56-C9E31EFAFCA5" otype="Entity" vid="40456C92-93F2-3032-9E71-246C8C8911C7">
<hideElementsInCurrentOnly>false</hideElementsInCurrentOnly>
<bounds x="935" y="375" width="158" height="60"/>
</OView>
<OView class="oracle.dbtools.crest.swingui.logical.TVEntity" oid="2B00BD4C-71BD-88A4-DEF2-B8D6D19B3159" otype="Entity" vid="75F16F4E-9E05-3F8E-B212-458DF6A592FC">
<hideElementsInCurrentOnly>false</hideElementsInCurrentOnly>
<bounds x="16" y="430" width="225" height="130"/>
</OView>
<OView class="oracle.dbtools.crest.swingui.logical.TVEntity" oid="6637E61E-8842-F8DA-7B0C-3F18E9EB231B" otype="Entity" vid="7318A00A-2E7A-807C-8F1F-DCF17ABAA871">
<hideElementsInCurrentOnly>false</hideElementsInCurrentOnly>
<bounds x="1127" y="377" width="166" height="60"/>
</OView>
<OView class="oracle.dbtools.crest.swingui.logical.TVEntity" oid="704C9682-9275-E8C8-BCA2-2339BBAB6291" otype="Entity" vid="0D5DEB3A-7475-66C9-E6F0-6E6AAD3008ED">
<hideElementsInCurrentOnly>false</hideElementsInCurrentOnly>
<bounds x="992" y="245" width="206" height="102"/>
</OView>
<OView class="oracle.dbtools.crest.swingui.logical.TVEntity" oid="83E51DD8-E7FA-C3EC-FF72-578AFB1CDB11" otype="Entity" vid="FE34603A-F573-EECB-53C7-EA89914D4799">
<hideElementsInCurrentOnly>false</hideElementsInCurrentOnly>
<bounds x="828" y="40" width="207" height="172"/>
</OView>
<OView class="oracle.dbtools.crest.swingui.logical.TVEntity" oid="8874F83F-714B-C219-D2C0-894D391209C3" otype="Entity" vid="2AC63E11-DC66-A6CF-1998-84BE62625706">
<hideElementsInCurrentOnly>false</hideElementsInCurrentOnly>
<bounds x="33" y="53" width="203" height="88"/>
</OView>
<OView class="oracle.dbtools.crest.swingui.logical.TVEntity" oid="B33CBF0A-9AB3-235B-530D-018AD972C018" otype="Entity" vid="96D100E5-3CB0-5576-F039-B2C5047E69DF">
<hideElementsInCurrentOnly>false</hideElementsInCurrentOnly>
<bounds x="657" y="471" width="304" height="102"/>
</OView>
<OView class="oracle.dbtools.crest.swingui.logical.TVEntity" oid="BD4456DB-48F9-7C21-315A-1E46103B410D" otype="Entity" vid="3E62C327-9599-6A71-1AEF-89EC447635D6">
<hideElementsInCurrentOnly>false</hideElementsInCurrentOnly>
<bounds x="533" y="16" width="235" height="158"/>
</OView>
<OView class="oracle.dbtools.crest.swingui.logical.TVEntity" oid="D4D6CA4A-EF75-81AD-6DE0-04A7FADE116A" otype="Entity" vid="1DBD2827-47C0-37AC-FC37-BD8B53F56906">
<hideElementsInCurrentOnly>false</hideElementsInCurrentOnly>
<bounds x="281" y="38" width="203" height="102"/>
</OView>
<OView class="oracle.dbtools.crest.swingui.logical.TVEntity" oid="D8BA6773-E5FC-0723-A21D-A0CD1CDB2B07" otype="Entity" vid="BDFDA204-A586-4040-19B2-9EBF78583FA9">
<hideElementsInCurrentOnly>false</hideElementsInCurrentOnly>
<bounds x="15" y="189" width="224" height="88"/>
</OView>
<OView class="oracle.dbtools.crest.swingui.logical.TVEntity" oid="FF345A78-AABC-4AE5-A12C-D31E42FED77E" otype="Entity" vid="64C7691E-FF48-F831-2C89-993C90D24D95">
<hideElementsInCurrentOnly>false</hideElementsInCurrentOnly>
<bounds x="291" y="377" width="166" height="88"/>
</OView>
</objectViews>
<connectors>
<Connector class="oracle.dbtools.crest.swingui.logical.TVRelation" oid="0BCD1071-5E0E-1648-9569-79DB329C7B2E" otype="Relation" vid_source="96D100E5-3CB0-5576-F039-B2C5047E69DF" vid_target="FE34603A-F573-EECB-53C7-EA89914D4799">
<hideElementsInCurrentOnly>false</hideElementsInCurrentOnly>
<backgroundColor>-16777216</backgroundColor>
<lineWidth>1</lineWidth>
<points>
<point x="876" y="471"/>
<point x="876" y="212"/>
</points>
</Connector>
<Connector class="oracle.dbtools.crest.swingui.logical.TVRelation" oid="301F1F61-D6CF-F01B-0664-C9C3D8BAF4A7" otype="Relation" vid_source="96D100E5-3CB0-5576-F039-B2C5047E69DF" vid_target="75F16F4E-9E05-3F8E-B212-458DF6A592FC">
<hideElementsInCurrentOnly>false</hideElementsInCurrentOnly>
<backgroundColor>-16777216</backgroundColor>
<lineWidth>1</lineWidth>
<points>
<point x="657" y="515"/>
<point x="241" y="515"/>
</points>
</Connector>
<Connector class="oracle.dbtools.crest.swingui.logical.TVRelation" oid="3480625E-A8FB-AAF5-D263-8C2EF13DE53C" otype="Relation" vid_source="FE34603A-F573-EECB-53C7-EA89914D4799" vid_target="564BC905-F014-24C4-DB7F-3097A30A7DDD">
<hideElementsInCurrentOnly>false</hideElementsInCurrentOnly>
<backgroundColor>-16777216</backgroundColor>
<lineWidth>1</lineWidth>
<points>
<point x="828" y="195"/>
<point x="506" y="195"/>
</points>
</Connector>
<Connector class="oracle.dbtools.crest.swingui.logical.TVRelation" oid="3D2F5EB1-CE55-93D5-A445-764F44ED6DB7" otype="Relation" vid_source="3E62C327-9599-6A71-1AEF-89EC447635D6" vid_target="1DBD2827-47C0-37AC-FC37-BD8B53F56906">
<hideElementsInCurrentOnly>false</hideElementsInCurrentOnly>
<backgroundColor>-16777216</backgroundColor>
<lineWidth>1</lineWidth>
<points>
<point x="533" y="89"/>
<point x="484" y="89"/>
</points>
</Connector>
<Connector class="oracle.dbtools.crest.swingui.logical.TVRelation" oid="60CFC8C2-0BF7-D5D8-16A8-FEF92C67D80F" otype="Relation" vid_source="564BC905-F014-24C4-DB7F-3097A30A7DDD" vid_target="BDFDA204-A586-4040-19B2-9EBF78583FA9">
<hideElementsInCurrentOnly>false</hideElementsInCurrentOnly>
<backgroundColor>-16777216</backgroundColor>
<lineWidth>1</lineWidth>
<points>
<point x="294" y="233"/>
<point x="239" y="233"/>
</points>
</Connector>
<Connector class="oracle.dbtools.crest.swingui.logical.TVRelation" oid="625A1966-3999-7EC2-AB0D-E10466249879" otype="Relation" vid_source="564BC905-F014-24C4-DB7F-3097A30A7DDD" vid_target="C5F092C6-40A2-72CE-7C2F-B2EEFABB8222">
<hideElementsInCurrentOnly>false</hideElementsInCurrentOnly>
<backgroundColor>-16777216</backgroundColor>
<lineWidth>1</lineWidth>
<points>
<point x="489" y="323"/>
<point x="533" y="359"/>
</points>
</Connector>
<Connector class="oracle.dbtools.crest.swingui.logical.TVRelation" oid="93F15822-8C2B-443D-A539-1F7E949D6677" otype="Relation" vid_source="564BC905-F014-24C4-DB7F-3097A30A7DDD" vid_target="E648DA96-A9F0-641F-EBBC-5795AA971833">
<hideElementsInCurrentOnly>false</hideElementsInCurrentOnly>
<backgroundColor>-16777216</backgroundColor>
<lineWidth>1</lineWidth>
<points>
<point x="506" y="278"/>
<point x="600" y="278"/>
</points>
</Connector>
<Connector class="oracle.dbtools.crest.swingui.logical.TVRelation" oid="96FAE64B-7A7C-438A-0DB4-70FFB560D5D4" otype="Relation" vid_source="0D5DEB3A-7475-66C9-E6F0-6E6AAD3008ED" vid_target="FE34603A-F573-EECB-53C7-EA89914D4799">
<hideElementsInCurrentOnly>false</hideElementsInCurrentOnly>
<backgroundColor>-16777216</backgroundColor>
<lineWidth>1</lineWidth>
<points>
<point x="1013" y="245"/>
<point x="1013" y="212"/>
</points>
</Connector>
<Connector class="oracle.dbtools.crest.swingui.logical.TVRelation" oid="B6D02135-9367-EBF9-5B64-78842A7175FA" otype="Relation" vid_source="1DBD2827-47C0-37AC-FC37-BD8B53F56906" vid_target="2AC63E11-DC66-A6CF-1998-84BE62625706">
<hideElementsInCurrentOnly>false</hideElementsInCurrentOnly>
<backgroundColor>-16777216</backgroundColor>
<lineWidth>1</lineWidth>
<points>
<point x="281" y="96"/>
<point x="236" y="96"/>
</points>
</Connector>
<Connector class="oracle.dbtools.crest.swingui.logical.TVInheritanceRelation" oid="C9424717-8B8A-AB29-D33F-2B8DD7EE96B4" otype="Hierarchy relation" vid_source="0D5DEB3A-7475-66C9-E6F0-6E6AAD3008ED" vid_target="40456C92-93F2-3032-9E71-246C8C8911C7">
<hideElementsInCurrentOnly>false</hideElementsInCurrentOnly>
<backgroundColor>-65536</backgroundColor>
<lineWidth>1</lineWidth>
<points>
<point x="1042" y="347"/>
<point x="1042" y="375"/>
</points>
</Connector>
<Connector class="oracle.dbtools.crest.swingui.logical.TVInheritanceRelation" oid="EF577A7F-7577-CE11-0715-DC4117DE8877" otype="Hierarchy relation" vid_source="0D5DEB3A-7475-66C9-E6F0-6E6AAD3008ED" vid_target="7318A00A-2E7A-807C-8F1F-DCF17ABAA871">
<hideElementsInCurrentOnly>false</hideElementsInCurrentOnly>
<backgroundColor>-65536</backgroundColor>
<lineWidth>1</lineWidth>
<points>
<point x="1162" y="347"/>
<point x="1162" y="377"/>
</points>
</Connector>
<Connector class="oracle.dbtools.crest.swingui.logical.TVRelation" oid="F60CB896-5655-46C1-19E9-7A64611E2AA2" otype="Relation" vid_source="FE34603A-F573-EECB-53C7-EA89914D4799" vid_target="3E62C327-9599-6A71-1AEF-89EC447635D6">
<hideElementsInCurrentOnly>false</hideElementsInCurrentOnly>
<backgroundColor>-16777216</backgroundColor>
<lineWidth>1</lineWidth>
<points>
<point x="828" y="107"/>
<point x="768" y="107"/>
</points>
</Connector>
<Connector class="oracle.dbtools.crest.swingui.logical.TVRelation" oid="FBE6C257-891D-F125-E86B-61B499CCF373" otype="Relation" vid_source="564BC905-F014-24C4-DB7F-3097A30A7DDD" vid_target="64C7691E-FF48-F831-2C89-993C90D24D95">
<hideElementsInCurrentOnly>false</hideElementsInCurrentOnly>
<backgroundColor>-16777216</backgroundColor>
<lineWidth>1</lineWidth>
<points>
<point x="375" y="323"/>
<point x="375" y="377"/>
</points>
</Connector>
</connectors>
</Diagram>
