<?xml version = '1.0' encoding = 'UTF-8'?>
<Diagram class="oracle.dbtools.crest.swingui.relational.DPVRelational" name="Relational_1" id="E4FF7107-1496-A902-BFBC-E1179935D372">
<createdBy>Carlos Iba</createdBy>
<modifiedBy>Carlos Iba</modifiedBy>
<createdTime>2025-09-14 22:38:19 UTC</createdTime>
<autoRoute>false</autoRoute>
<boxInbox>true</boxInbox>
<showLegend>false</showLegend>
<showLabels>false</showLabels>
<showRelAttributes>false</showRelAttributes>
<gridEnabled>false</gridEnabled>
<showGrid>false</showGrid>
<diagramColor>-1</diagramColor>
<display>false</display>
<notation>1</notation>
<objectViews>
<OView class="oracle.dbtools.crest.swingui.relational.TVTable" oid="0157017A-15ED-216E-B3F0-1543779868FD" otype="Table" vid="9DC1E4FC-2E0B-DE77-3B9C-428CA8698F29">
<hideElementsInCurrentOnly>false</hideElementsInCurrentOnly>
<bounds x="577" y="648" width="453" height="130"/>
</OView>
<OView class="oracle.dbtools.crest.swingui.relational.TVTable" oid="0ADC53D0-E26E-306F-0709-FFA39B22CE7E" otype="Table" vid="0032EEDF-16E6-7684-18D0-33265EC5E5B6">
<hideElementsInCurrentOnly>false</hideElementsInCurrentOnly>
<bounds x="362" y="215" width="266" height="192"/>
</OView>
<OView class="oracle.dbtools.crest.swingui.relational.TVTable" oid="0D835627-0E14-CA48-4E24-9B682B49252C" otype="Table" vid="E4028A54-90FE-A181-17FA-F4623514615D">
<hideElementsInCurrentOnly>false</hideElementsInCurrentOnly>
<bounds x="1181" y="328" width="223" height="102"/>
</OView>
<OView class="oracle.dbtools.crest.swingui.relational.TVTable" oid="2BD62A52-E3BD-27FB-B144-127990EEF2E3" otype="Table" vid="920142BA-BD40-4531-6794-D98063D500E2">
<hideElementsInCurrentOnly>false</hideElementsInCurrentOnly>
<bounds x="26" y="205" width="297" height="136"/>
</OView>
<OView class="oracle.dbtools.crest.swingui.relational.TVTable" oid="44F99E50-F4D2-394B-6EFD-70B2851D452D" otype="Table" vid="61C2C73C-F611-6705-17BC-B7B7FB0E801E">
<hideElementsInCurrentOnly>false</hideElementsInCurrentOnly>
<bounds x="1009" y="496" width="244" height="108"/>
</OView>
<OView class="oracle.dbtools.crest.swingui.relational.TVTable" oid="4A5E650E-EADF-194A-043D-B8871D1139C1" otype="Table" vid="3370CDBC-B4EB-0F94-9285-9E96A0087032">
<hideElementsInCurrentOnly>false</hideElementsInCurrentOnly>
<bounds x="1284" y="498" width="249" height="108"/>
</OView>
<OView class="oracle.dbtools.crest.swingui.relational.TVTable" oid="568A9395-AFB7-9185-E553-FDC1D6509BCF" otype="Table" vid="12E63D6E-ED6F-5BD6-0EF9-6509E1B33932">
<hideElementsInCurrentOnly>false</hideElementsInCurrentOnly>
<bounds x="652" y="15" width="277" height="206"/>
</OView>
<OView class="oracle.dbtools.crest.swingui.relational.TVTable" oid="6A8D0D91-885D-935D-C02C-E6FC0DDC13D4" otype="Table" vid="612A8705-7DE0-CFCC-649C-F3A33B30DBB1">
<hideElementsInCurrentOnly>false</hideElementsInCurrentOnly>
<bounds x="17" y="4" width="217" height="136"/>
</OView>
<OView class="oracle.dbtools.crest.swingui.relational.TVTable" oid="7B9EF47D-2EEB-6278-A7EC-E1E282F7ADA6" otype="Table" vid="4F116C0A-70B0-16B3-5A34-E16FAD90FAD5">
<hideElementsInCurrentOnly>false</hideElementsInCurrentOnly>
<bounds x="691" y="311" width="304" height="150"/>
</OView>
<OView class="oracle.dbtools.crest.swingui.relational.TVTable" oid="93AA4F66-CF6B-B286-B382-226FD05D22F9" otype="Table" vid="7B5F05CE-9B5A-6CE3-46A0-E1B7CE1BD5E4">
<hideElementsInCurrentOnly>false</hideElementsInCurrentOnly>
<bounds x="366" y="479" width="214" height="136"/>
</OView>
<OView class="oracle.dbtools.crest.swingui.relational.TVTable" oid="C0354DB9-59AE-35C3-8BFE-B01D2540CB2D" otype="Table" vid="2D4D100C-0BB5-1177-0B9F-B95A27402867">
<hideElementsInCurrentOnly>false</hideElementsInCurrentOnly>
<bounds x="24" y="396" width="285" height="136"/>
</OView>
<OView class="oracle.dbtools.crest.swingui.relational.TVTable" oid="C401DC3D-6C44-6059-344F-E2197D4F12CA" otype="Table" vid="FAD4CF20-AE58-4BFF-6EFC-91B3D6390010">
<hideElementsInCurrentOnly>false</hideElementsInCurrentOnly>
<bounds x="19" y="631" width="382" height="178"/>
</OView>
<OView class="oracle.dbtools.crest.swingui.relational.TVTable" oid="C9F11F20-752A-7AA9-885B-AD92C79356B5" otype="Table" vid="1751971E-6745-A20D-1736-84069855BB0B">
<hideElementsInCurrentOnly>false</hideElementsInCurrentOnly>
<bounds x="326" y="23" width="239" height="150"/>
</OView>
<OView class="oracle.dbtools.crest.swingui.relational.TVTable" oid="F2C27759-51C2-0C01-C882-D7BCC8069AF0" otype="Table" vid="6F39C3C5-60C2-C43E-BBE7-C4ECA28E5C36">
<hideElementsInCurrentOnly>false</hideElementsInCurrentOnly>
<bounds x="1035" y="59" width="417" height="234"/>
</OView>
</objectViews>
<connectors>
<Connector class="oracle.dbtools.crest.swingui.relational.TVFKRelation" oid="08232235-41AA-F95B-CBBF-554E934168D2" otype="FKIndexAssociation" vid_source="0032EEDF-16E6-7684-18D0-33265EC5E5B6" vid_target="7B5F05CE-9B5A-6CE3-46A0-E1B7CE1BD5E4">
<hideElementsInCurrentOnly>false</hideElementsInCurrentOnly>
<backgroundColor>-16777216</backgroundColor>
<lineWidth>1</lineWidth>
<points>
<point x="473" y="407"/>
<point x="473" y="479"/>
</points>
</Connector>
<Connector class="oracle.dbtools.crest.swingui.relational.TVFKRelation" oid="30E9278F-36D8-B60C-EBC2-F8D8F7DC9D85" otype="FKIndexAssociation" vid_source="0032EEDF-16E6-7684-18D0-33265EC5E5B6" vid_target="920142BA-BD40-4531-6794-D98063D500E2">
<hideElementsInCurrentOnly>false</hideElementsInCurrentOnly>
<backgroundColor>-16777216</backgroundColor>
<lineWidth>1</lineWidth>
<points>
<point x="362" y="278"/>
<point x="323" y="278"/>
</points>
</Connector>
<Connector class="oracle.dbtools.crest.swingui.relational.TVFKRelation" oid="6351FD72-C1F6-7551-F8FD-3F9F287573A2" otype="FKIndexAssociation" vid_source="9DC1E4FC-2E0B-DE77-3B9C-428CA8698F29" vid_target="FAD4CF20-AE58-4BFF-6EFC-91B3D6390010">
<hideElementsInCurrentOnly>false</hideElementsInCurrentOnly>
<backgroundColor>-16777216</backgroundColor>
<lineWidth>1</lineWidth>
<points>
<point x="577" y="713"/>
<point x="401" y="713"/>
</points>
</Connector>
<Connector class="oracle.dbtools.crest.swingui.relational.TVFKRelation" oid="7509AF66-06BA-C8E6-28B4-B85127AB534F" otype="FKIndexAssociation" vid_source="9DC1E4FC-2E0B-DE77-3B9C-428CA8698F29" vid_target="6F39C3C5-60C2-C43E-BBE7-C4ECA28E5C36">
<hideElementsInCurrentOnly>false</hideElementsInCurrentOnly>
<backgroundColor>-16777216</backgroundColor>
<lineWidth>1</lineWidth>
<points>
<point x="856" y="648"/>
<point x="1147" y="293"/>
</points>
</Connector>
<Connector class="oracle.dbtools.crest.swingui.relational.TVFKRelation" oid="7F9DF79D-A61F-B810-A206-FB949F594E96" otype="FKIndexAssociation" vid_source="E4028A54-90FE-A181-17FA-F4623514615D" vid_target="61C2C73C-F611-6705-17BC-B7B7FB0E801E">
<hideElementsInCurrentOnly>false</hideElementsInCurrentOnly>
<backgroundColor>-16777216</backgroundColor>
<lineWidth>1</lineWidth>
<points>
<point x="1217" y="430"/>
<point x="1217" y="496"/>
</points>
</Connector>
<Connector class="oracle.dbtools.crest.swingui.relational.TVFKRelation" oid="91B64386-2E38-2D9D-1C39-B12251B52ED4" otype="FKIndexAssociation" vid_source="6F39C3C5-60C2-C43E-BBE7-C4ECA28E5C36" vid_target="0032EEDF-16E6-7684-18D0-33265EC5E5B6">
<hideElementsInCurrentOnly>false</hideElementsInCurrentOnly>
<backgroundColor>-16777216</backgroundColor>
<lineWidth>1</lineWidth>
<points>
<point x="1035" y="254"/>
<point x="628" y="254"/>
</points>
</Connector>
<Connector class="oracle.dbtools.crest.swingui.relational.TVFKRelation" oid="B6EBFFD4-52D5-62B8-5503-064EED87695F" otype="FKIndexAssociation" vid_source="12E63D6E-ED6F-5BD6-0EF9-6509E1B33932" vid_target="1751971E-6745-A20D-1736-84069855BB0B">
<hideElementsInCurrentOnly>false</hideElementsInCurrentOnly>
<backgroundColor>-16777216</backgroundColor>
<lineWidth>1</lineWidth>
<points>
<point x="652" y="113"/>
<point x="565" y="113"/>
</points>
</Connector>
<Connector class="oracle.dbtools.crest.swingui.relational.TVFKRelation" oid="E0234D74-9F76-4B3D-9E83-D70C7106B0BD" otype="FKIndexAssociation" vid_source="1751971E-6745-A20D-1736-84069855BB0B" vid_target="612A8705-7DE0-CFCC-649C-F3A33B30DBB1">
<hideElementsInCurrentOnly>false</hideElementsInCurrentOnly>
<backgroundColor>-16777216</backgroundColor>
<lineWidth>1</lineWidth>
<points>
<point x="326" y="81"/>
<point x="234" y="81"/>
</points>
</Connector>
<Connector class="oracle.dbtools.crest.swingui.relational.TVFKRelation" oid="F128B30D-46F7-F0F2-92F2-AE8A405CD82E" otype="FKIndexAssociation" vid_source="E4028A54-90FE-A181-17FA-F4623514615D" vid_target="6F39C3C5-60C2-C43E-BBE7-C4ECA28E5C36">
<hideElementsInCurrentOnly>false</hideElementsInCurrentOnly>
<backgroundColor>-16777216</backgroundColor>
<lineWidth>1</lineWidth>
<points>
<point x="1292" y="328"/>
<point x="1292" y="293"/>
</points>
</Connector>
<Connector class="oracle.dbtools.crest.swingui.relational.TVFKRelation" oid="F19374A3-1940-BA30-5E7C-9D561D950B7B" otype="FKIndexAssociation" vid_source="6F39C3C5-60C2-C43E-BBE7-C4ECA28E5C36" vid_target="12E63D6E-ED6F-5BD6-0EF9-6509E1B33932">
<hideElementsInCurrentOnly>false</hideElementsInCurrentOnly>
<backgroundColor>-16777216</backgroundColor>
<lineWidth>1</lineWidth>
<points>
<point x="1035" y="140"/>
<point x="929" y="140"/>
</points>
</Connector>
<Connector class="oracle.dbtools.crest.swingui.relational.TVFKRelation" oid="F6B1B4E9-1779-17B0-1701-288EE0A6CBAD" otype="FKIndexAssociation" vid_source="0032EEDF-16E6-7684-18D0-33265EC5E5B6" vid_target="4F116C0A-70B0-16B3-5A34-E16FAD90FAD5">
<hideElementsInCurrentOnly>false</hideElementsInCurrentOnly>
<backgroundColor>-16777216</backgroundColor>
<lineWidth>1</lineWidth>
<points>
<point x="628" y="359"/>
<point x="691" y="359"/>
</points>
</Connector>
<Connector class="oracle.dbtools.crest.swingui.relational.TVFKRelation" oid="F8BAC560-B472-4201-358F-521239A8A533" otype="FKIndexAssociation" vid_source="E4028A54-90FE-A181-17FA-F4623514615D" vid_target="3370CDBC-B4EB-0F94-9285-9E96A0087032">
<hideElementsInCurrentOnly>false</hideElementsInCurrentOnly>
<backgroundColor>-16777216</backgroundColor>
<lineWidth>1</lineWidth>
<points>
<point x="1344" y="430"/>
<point x="1344" y="498"/>
</points>
</Connector>
<Connector class="oracle.dbtools.crest.swingui.relational.TVFKRelation" oid="FD8266F5-DD5F-1069-5CDE-3CEEB3A3E189" otype="FKIndexAssociation" vid_source="0032EEDF-16E6-7684-18D0-33265EC5E5B6" vid_target="2D4D100C-0BB5-1177-0B9F-B95A27402867">
<hideElementsInCurrentOnly>false</hideElementsInCurrentOnly>
<backgroundColor>-16777216</backgroundColor>
<lineWidth>1</lineWidth>
<points>
<point x="362" y="401"/>
<point x="309" y="401"/>
</points>
</Connector>
</connectors>
<arcs>
<Arc class="oracle.dbtools.crest.swingui.relational.TVFKArc" oid="E830D07C-B577-7290-1BCD-B8E5EAA26E15" otype="FKArc" vid="89D04C7B-5338-B17A-44F6-7BCA90850605">
<hideElementsInCurrentOnly>false</hideElementsInCurrentOnly>
<bounds x="1161" y="308" width="263" height="142"/>
</Arc>
</arcs>
</Diagram>
