<?xml version = '1.0' encoding = 'UTF-8'?>
<Entity class="oracle.dbtools.crest.model.design.logical.Entity" directorySegmentName="seg_0" id="06BDA101-260B-764D-49D4-DF9A0987C957" name="MEDICO">
<createdBy>Carlos Iba</createdBy>
<createdTime>2025-09-14 21:59:26 UTC</createdTime>
<ownerDesignName>Centro_medico</ownerDesignName>
<engineerTo>
<item key="42D97C96-D62E-8C4C-5C46-54C8461600C1" value="true"/>
</engineerTo>
<adequatelyNormalized>NO</adequatelyNormalized>
<expectedVolumes>0</expectedVolumes>
<fwdEngineeringStrategyName>Single Table</fwdEngineeringStrategyName>
<growthPercent>0</growthPercent>
<growthType>Year</growthType>
<maxVolumes>9999999</maxVolumes>
<minVolumes>0</minVolumes>
<normalForm>Third</normalForm>
<createSurrogateKey>true</createSurrogateKey>
<attributes itemClass="oracle.dbtools.crest.model.design.logical.Attribute">
<Attribute name="rut" id="C500BDE4-3E3F-6212-FD0E-06E2D2CF5F65">
<createdBy>Carlos Iba</createdBy>
<createdTime>2025-09-14 22:23:08 UTC</createdTime>
<ownerDesignName>Centro_medico</ownerDesignName>
<engineerTo>
<item key="42D97C96-D62E-8C4C-5C46-54C8461600C1" value="true"/>
</engineerTo>
<useDomainConstraints>false</useDomainConstraints>
<use>1</use>
<ownDataTypeParameters>,,</ownDataTypeParameters>
</Attribute>
<Attribute name="nombre_completo" id="917FC1D2-5D40-BA83-95D8-D5D7783FF3A0">
<createdBy>Carlos Iba</createdBy>
<createdTime>2025-09-14 22:23:34 UTC</createdTime>
<ownerDesignName>Centro_medico</ownerDesignName>
<engineerTo>
<item key="42D97C96-D62E-8C4C-5C46-54C8461600C1" value="true"/>
</engineerTo>
<useDomainConstraints>false</useDomainConstraints>
<use>1</use>
<dataTypeSize>200 CHAR</dataTypeSize>
<ownDataTypeParameters>200 CHAR,,</ownDataTypeParameters>
</Attribute>
<Attribute name="fecha_ingreso" id="B1E2B538-95C1-9DAE-FEB8-1BD69CE62B1E">
<createdBy>Carlos Iba</createdBy>
<createdTime>2025-09-14 22:23:51 UTC</createdTime>
<ownerDesignName>Centro_medico</ownerDesignName>
<engineerTo>
<item key="42D97C96-D62E-8C4C-5C46-54C8461600C1" value="true"/>
</engineerTo>
<nullsAllowed>true</nullsAllowed>
<useDomainConstraints>false</useDomainConstraints>
<use>1</use>
<ownDataTypeParameters>,,</ownDataTypeParameters>
</Attribute>
<Attribute name="especialidad_id" id="FB72B76D-54CC-036F-95DC-30687DAC3AE5">
<createdBy>Carlos Iba</createdBy>
<createdTime>2025-09-14 22:24:06 UTC</createdTime>
<ownerDesignName>Centro_medico</ownerDesignName>
<engineerTo>
<item key="42D97C96-D62E-8C4C-5C46-54C8461600C1" value="true"/>
</engineerTo>
<nullsAllowed>true</nullsAllowed>
<useDomainConstraints>false</useDomainConstraints>
<use>1</use>
<dataTypePrecision>3</dataTypePrecision>
<ownDataTypeParameters>,3,</ownDataTypeParameters>
</Attribute>
<Attribute name="afp_id" id="6C2EDBD9-2991-8697-2DF0-F01F51032A56">
<createdBy>Carlos Iba</createdBy>
<createdTime>2025-09-14 22:24:25 UTC</createdTime>
<ownerDesignName>Centro_medico</ownerDesignName>
<engineerTo>
<item key="42D97C96-D62E-8C4C-5C46-54C8461600C1" value="true"/>
</engineerTo>
<nullsAllowed>true</nullsAllowed>
<useDomainConstraints>false</useDomainConstraints>
<use>1</use>
<dataTypePrecision>3</dataTypePrecision>
<ownDataTypeParameters>,3,</ownDataTypeParameters>
</Attribute>
<Attribute name="institucion_id" id="7D8986A6-8724-85DA-1CD2-ADA34517EE8D">
<createdBy>Carlos Iba</createdBy>
<createdTime>2025-09-14 22:24:51 UTC</createdTime>
<ownerDesignName>Centro_medico</ownerDesignName>
<engineerTo>
<item key="42D97C96-D62E-8C4C-5C46-54C8461600C1" value="true"/>
</engineerTo>
<nullsAllowed>true</nullsAllowed>
<useDomainConstraints>false</useDomainConstraints>
<use>1</use>
<dataTypePrecision>3</dataTypePrecision>
<ownDataTypeParameters>,3,</ownDataTypeParameters>
</Attribute>
<Attribute name="atencion_id" id="27AF2E68-7591-7C7C-7438-A5DD38015612">
<createdBy>Carlos Iba</createdBy>
<createdTime>2025-09-15 00:15:23 UTC</createdTime>
<generatorID>3480625E-A8FB-AAF5-D263-8C2EF13DE53C</generatorID>
<ownerDesignName>Centro_medico</ownerDesignName>
<engineerTo>
<item key="42D97C96-D62E-8C4C-5C46-54C8461600C1" value="true"/>
</engineerTo>
<referedAttribute>18FFDBD5-9787-7CB3-0415-F4DA90528A96</referedAttribute>
<useDomainConstraints>false</useDomainConstraints>
<use>1</use>
<dataTypePrecision>6</dataTypePrecision>
<ownDataTypeParameters>,6,</ownDataTypeParameters>
</Attribute>
</attributes>
<identifiers itemClass="oracle.dbtools.crest.model.design.logical.CandidateKey">
<identifier id="B1B7A0C7-AAFF-0546-90F4-592E588CA5A5" name="MEDICO PK">
<createdBy>Carlos Iba</createdBy>
<createdTime>2025-09-14 22:23:26 UTC</createdTime>
<ownerDesignName>Centro_medico</ownerDesignName>
<engineerTo>
<item key="42D97C96-D62E-8C4C-5C46-54C8461600C1" value="true"/>
</engineerTo>
<pk>true</pk>
<usedAttributes>
<attributeRef>C500BDE4-3E3F-6212-FD0E-06E2D2CF5F65</attributeRef>
</usedAttributes>
</identifier>
</identifiers>
</Entity>
