<?xml version = '1.0' encoding = 'UTF-8'?>
<Entity class="oracle.dbtools.crest.model.design.logical.Entity" directorySegmentName="seg_0" id="10068329-B4E9-7A91-6A25-2334D06B7DE6" name="AFP">
<createdBy>Carlos Iba</createdBy>
<createdTime>2025-09-14 21:58:05 UTC</createdTime>
<ownerDesignName>Centro_medico</ownerDesignName>
<engineerTo>
<item key="42D97C96-D62E-8C4C-5C46-54C8461600C1" value="true"/>
</engineerTo>
<adequatelyNormalized>NO</adequatelyNormalized>
<expectedVolumes>0</expectedVolumes>
<fwdEngineeringStrategyName>Single Table</fwdEngineeringStrategyName>
<growthPercent>0</growthPercent>
<growthType>Year</growthType>
<maxVolumes>9999999</maxVolumes>
<minVolumes>0</minVolumes>
<normalForm>Third</normalForm>
<createSurrogateKey>true</createSurrogateKey>
<attributes itemClass="oracle.dbtools.crest.model.design.logical.Attribute">
<Attribute name="afp_id" id="55943AAD-70E0-3562-B550-370C3AE93758">
<createdBy>Carlos Iba</createdBy>
<createdTime>2025-09-14 22:19:46 UTC</createdTime>
<ownerDesignName>Centro_medico</ownerDesignName>
<engineerTo>
<item key="42D97C96-D62E-8C4C-5C46-54C8461600C1" value="true"/>
</engineerTo>
<useDomainConstraints>false</useDomainConstraints>
<use>1</use>
<dataTypePrecision>3</dataTypePrecision>
<ownDataTypeParameters>,3,</ownDataTypeParameters>
</Attribute>
<Attribute name="nombre" id="1A647AD6-7E41-9E3C-9708-6332464E4E76">
<createdBy>Carlos Iba</createdBy>
<createdTime>2025-09-14 22:20:01 UTC</createdTime>
<ownerDesignName>Centro_medico</ownerDesignName>
<engineerTo>
<item key="42D97C96-D62E-8C4C-5C46-54C8461600C1" value="true"/>
</engineerTo>
<useDomainConstraints>false</useDomainConstraints>
<use>1</use>
<dataTypeSize>100 CHAR</dataTypeSize>
<ownDataTypeParameters>100 CHAR,,</ownDataTypeParameters>
</Attribute>
<Attribute name="rut" id="CC75121A-3870-8E50-373B-EC2035E5BB87">
<createdBy>Carlos Iba</createdBy>
<createdTime>2025-09-15 00:13:52 UTC</createdTime>
<generatorID>625A1966-3999-7EC2-AB0D-E10466249879</generatorID>
<ownerDesignName>Centro_medico</ownerDesignName>
<engineerTo>
<item key="42D97C96-D62E-8C4C-5C46-54C8461600C1" value="true"/>
</engineerTo>
<referedAttribute>C500BDE4-3E3F-6212-FD0E-06E2D2CF5F65</referedAttribute>
<useDomainConstraints>false</useDomainConstraints>
<use>1</use>
<dataTypeSize>12 CHAR</dataTypeSize>
<ownDataTypeParameters>12 CHAR,,</ownDataTypeParameters>
</Attribute>
</attributes>
<identifiers itemClass="oracle.dbtools.crest.model.design.logical.CandidateKey">
<identifier id="B2BF4C8A-4F87-29BC-E836-73B1F5A9C11A" name="AFP PK">
<createdBy>Carlos Iba</createdBy>
<createdTime>2025-09-14 22:19:59 UTC</createdTime>
<ownerDesignName>Centro_medico</ownerDesignName>
<engineerTo>
<item key="42D97C96-D62E-8C4C-5C46-54C8461600C1" value="true"/>
</engineerTo>
<pk>true</pk>
<usedAttributes>
<attributeRef>55943AAD-70E0-3562-B550-370C3AE93758</attributeRef>
</usedAttributes>
</identifier>
</identifiers>
</Entity>
