<?xml version = '1.0' encoding = 'UTF-8'?>
<Entity class="oracle.dbtools.crest.model.design.logical.Entity" directorySegmentName="seg_0" id="19F1C404-FFA2-9E54-43DB-8CEBD4C550C4" name="INSTITUCION_SALUD">
<createdBy>Carlos Iba</createdBy>
<createdTime>2025-09-14 21:57:56 UTC</createdTime>
<ownerDesignName>Centro_medico</ownerDesignName>
<engineerTo>
<item key="42D97C96-D62E-8C4C-5C46-54C8461600C1" value="true"/>
</engineerTo>
<adequatelyNormalized>NO</adequatelyNormalized>
<expectedVolumes>0</expectedVolumes>
<fwdEngineeringStrategyName>Single Table</fwdEngineeringStrategyName>
<growthPercent>0</growthPercent>
<growthType>Year</growthType>
<maxVolumes>9999999</maxVolumes>
<minVolumes>0</minVolumes>
<normalForm>Third</normalForm>
<createSurrogateKey>true</createSurrogateKey>
<attributes itemClass="oracle.dbtools.crest.model.design.logical.Attribute">
<Attribute name="institucion_id" id="B394BB03-7D2F-FD3C-5F8D-63C89340540C">
<createdBy>Carlos Iba</createdBy>
<createdTime>2025-09-14 22:20:42 UTC</createdTime>
<ownerDesignName>Centro_medico</ownerDesignName>
<engineerTo>
<item key="42D97C96-D62E-8C4C-5C46-54C8461600C1" value="true"/>
</engineerTo>
<useDomainConstraints>false</useDomainConstraints>
<use>1</use>
<dataTypePrecision>3</dataTypePrecision>
<ownDataTypeParameters>,3,</ownDataTypeParameters>
</Attribute>
<Attribute name="nombre" id="C68090BA-A81C-BF2C-0B0E-6B4903F0928B">
<createdBy>Carlos Iba</createdBy>
<createdTime>2025-09-14 22:21:09 UTC</createdTime>
<ownerDesignName>Centro_medico</ownerDesignName>
<engineerTo>
<item key="42D97C96-D62E-8C4C-5C46-54C8461600C1" value="true"/>
</engineerTo>
<useDomainConstraints>false</useDomainConstraints>
<use>1</use>
<dataTypeSize>100 CHAR</dataTypeSize>
<ownDataTypeParameters>100 CHAR,,</ownDataTypeParameters>
</Attribute>
<Attribute name="tipo" id="883ED4B6-A870-1E5C-5FCA-134BA1BDC59C">
<createdBy>Carlos Iba</createdBy>
<createdTime>2025-09-14 22:21:33 UTC</createdTime>
<ownerDesignName>Centro_medico</ownerDesignName>
<engineerTo>
<item key="42D97C96-D62E-8C4C-5C46-54C8461600C1" value="true"/>
</engineerTo>
<useDomainConstraints>false</useDomainConstraints>
<use>1</use>
<dataTypeSize>20 CHAR</dataTypeSize>
<ownDataTypeParameters>20 CHAR,,</ownDataTypeParameters>
</Attribute>
<Attribute name="rut" id="3469DAAE-D51A-2D11-DB20-6F0906E10E3E">
<createdBy>Carlos Iba</createdBy>
<createdTime>2025-09-15 00:14:39 UTC</createdTime>
<generatorID>93F15822-8C2B-443D-A539-1F7E949D6677</generatorID>
<ownerDesignName>Centro_medico</ownerDesignName>
<engineerTo>
<item key="42D97C96-D62E-8C4C-5C46-54C8461600C1" value="true"/>
</engineerTo>
<referedAttribute>C500BDE4-3E3F-6212-FD0E-06E2D2CF5F65</referedAttribute>
<useDomainConstraints>false</useDomainConstraints>
<use>1</use>
<dataTypeSize>12 CHAR</dataTypeSize>
<ownDataTypeParameters>12 CHAR,,</ownDataTypeParameters>
</Attribute>
</attributes>
<identifiers itemClass="oracle.dbtools.crest.model.design.logical.CandidateKey">
<identifier id="1F2FBFFF-9B4D-3CE8-0A31-8FE4DDFBDAE7" name="INSTITUCION_SALUD PK">
<createdBy>Carlos Iba</createdBy>
<createdTime>2025-09-14 22:21:07 UTC</createdTime>
<ownerDesignName>Centro_medico</ownerDesignName>
<engineerTo>
<item key="42D97C96-D62E-8C4C-5C46-54C8461600C1" value="true"/>
</engineerTo>
<pk>true</pk>
<usedAttributes>
<attributeRef>B394BB03-7D2F-FD3C-5F8D-63C89340540C</attributeRef>
</usedAttributes>
</identifier>
</identifiers>
</Entity>
