<?xml version = '1.0' encoding = 'UTF-8'?>
<Entity class="oracle.dbtools.crest.model.design.logical.Entity" directorySegmentName="seg_0" id="205F8943-97BE-520F-5B56-C9E31EFAFCA5" name="TARJETA">
<createdBy>Carlos Iba</createdBy>
<createdTime>2025-09-15 00:27:38 UTC</createdTime>
<ownerDesignName>Centro_medico</ownerDesignName>
<engineerTo>
<item key="42D97C96-D62E-8C4C-5C46-54C8461600C1" value="true"/>
</engineerTo>
<adequatelyNormalized>NO</adequatelyNormalized>
<expectedVolumes>0</expectedVolumes>
<fwdEngineeringStrategyName>Single Table</fwdEngineeringStrategyName>
<growthPercent>0</growthPercent>
<growthType>Year</growthType>
<hierarchicalParent>704C9682-9275-E8C8-BCA2-2339BBAB6291</hierarchicalParent>
<maxVolumes>9999999</maxVolumes>
<minVolumes>0</minVolumes>
<normalForm>Third</normalForm>
<discriminatorAttributeID>E6054DC1-42C4-C48A-CAB5-885B28E51025</discriminatorAttributeID>
<createSurrogateKey>true</createSurrogateKey>
<attributes itemClass="oracle.dbtools.crest.model.design.logical.Attribute">
<Attribute name="id_tarjeta" id="E6054DC1-42C4-C48A-CAB5-885B28E51025">
<createdBy>Carlos Iba</createdBy>
<createdTime>2025-09-15 00:27:45 UTC</createdTime>
<ownerDesignName>Centro_medico</ownerDesignName>
<engineerTo>
<item key="42D97C96-D62E-8C4C-5C46-54C8461600C1" value="true"/>
</engineerTo>
<useDomainConstraints>false</useDomainConstraints>
<use>1</use>
<logicalDatatype>LOGDT043</logicalDatatype>
<ownDataTypeParameters>,,</ownDataTypeParameters>
</Attribute>
</attributes>
<identifiers itemClass="oracle.dbtools.crest.model.design.logical.CandidateKey">
<identifier id="B517A8B6-473B-6184-0FF5-7167DFBA468B" name="TARJETA PK">
<createdBy>Carlos Iba</createdBy>
<createdTime>2025-09-15 00:28:17 UTC</createdTime>
<ownerDesignName>Centro_medico</ownerDesignName>
<engineerTo>
<item key="42D97C96-D62E-8C4C-5C46-54C8461600C1" value="true"/>
</engineerTo>
<pk>true</pk>
<usedAttributes>
<attributeRef>E6054DC1-42C4-C48A-CAB5-885B28E51025</attributeRef>
</usedAttributes>
</identifier>
</identifiers>
</Entity>
