<?xml version = '1.0' encoding = 'UTF-8'?>
<Entity class="oracle.dbtools.crest.model.design.logical.Entity" directorySegmentName="seg_0" id="83E51DD8-E7FA-C3EC-FF72-578AFB1CDB11" name="ATENCION_MEDICA">
<createdBy>Carlos Iba</createdBy>
<createdTime>2025-09-14 21:57:57 UTC</createdTime>
<ownerDesignName>Centro_medico</ownerDesignName>
<engineerTo>
<item key="42D97C96-D62E-8C4C-5C46-54C8461600C1" value="true"/>
</engineerTo>
<adequatelyNormalized>NO</adequatelyNormalized>
<expectedVolumes>0</expectedVolumes>
<fwdEngineeringStrategyName>Single Table</fwdEngineeringStrategyName>
<growthPercent>0</growthPercent>
<growthType>Year</growthType>
<maxVolumes>9999999</maxVolumes>
<minVolumes>0</minVolumes>
<normalForm>Third</normalForm>
<createSurrogateKey>true</createSurrogateKey>
<attributes itemClass="oracle.dbtools.crest.model.design.logical.Attribute">
<Attribute name="atencion_id" id="18FFDBD5-9787-7CB3-0415-F4DA90528A96">
<createdBy>Carlos Iba</createdBy>
<createdTime>2025-09-14 22:25:28 UTC</createdTime>
<ownerDesignName>Centro_medico</ownerDesignName>
<engineerTo>
<item key="42D97C96-D62E-8C4C-5C46-54C8461600C1" value="true"/>
</engineerTo>
<useDomainConstraints>false</useDomainConstraints>
<use>1</use>
<logicalDatatype>LOGDT019</logicalDatatype>
<dataTypePrecision>6</dataTypePrecision>
<ownDataTypeParameters>,6,</ownDataTypeParameters>
</Attribute>
<Attribute name="fecha_hora" id="F6838888-610E-25A8-0254-7761D9F365DD">
<createdBy>Carlos Iba</createdBy>
<createdTime>2025-09-14 22:25:44 UTC</createdTime>
<ownerDesignName>Centro_medico</ownerDesignName>
<engineerTo>
<item key="42D97C96-D62E-8C4C-5C46-54C8461600C1" value="true"/>
</engineerTo>
<useDomainConstraints>false</useDomainConstraints>
<use>1</use>
<logicalDatatype>LOGDT015</logicalDatatype>
<ownDataTypeParameters>,,</ownDataTypeParameters>
</Attribute>
<Attribute name="tipo_atencion" id="44D04BAB-4901-C73E-10A5-CB94C183F7CE">
<createdBy>Carlos Iba</createdBy>
<createdTime>2025-09-14 22:26:37 UTC</createdTime>
<ownerDesignName>Centro_medico</ownerDesignName>
<engineerTo>
<item key="42D97C96-D62E-8C4C-5C46-54C8461600C1" value="true"/>
</engineerTo>
<useDomainConstraints>false</useDomainConstraints>
<use>1</use>
<logicalDatatype>LOGDT024</logicalDatatype>
<dataTypeSize>30 CHAR</dataTypeSize>
<ownDataTypeParameters>30 CHAR,,</ownDataTypeParameters>
</Attribute>
<Attribute name="diagnostico" id="5C733F93-EF20-E135-AF91-6A36B4C3D216">
<createdBy>Carlos Iba</createdBy>
<createdTime>2025-09-14 22:26:54 UTC</createdTime>
<ownerDesignName>Centro_medico</ownerDesignName>
<engineerTo>
<item key="42D97C96-D62E-8C4C-5C46-54C8461600C1" value="true"/>
</engineerTo>
<nullsAllowed>true</nullsAllowed>
<useDomainConstraints>false</useDomainConstraints>
<use>1</use>
<logicalDatatype>LOGDT024</logicalDatatype>
<dataTypeSize>1000 CHAR</dataTypeSize>
<ownDataTypeParameters>1000 CHAR,,</ownDataTypeParameters>
</Attribute>
<Attribute name="paciente_rut" id="896F587A-2BE7-FC6D-1FA9-1886298C5EB6">
<createdBy>Carlos Iba</createdBy>
<createdTime>2025-09-14 22:27:22 UTC</createdTime>
<ownerDesignName>Centro_medico</ownerDesignName>
<engineerTo>
<item key="42D97C96-D62E-8C4C-5C46-54C8461600C1" value="true"/>
</engineerTo>
<useDomainConstraints>false</useDomainConstraints>
<use>1</use>
<logicalDatatype>LOGDT024</logicalDatatype>
<dataTypeSize>12 CHAR</dataTypeSize>
<ownDataTypeParameters>12 CHAR,,</ownDataTypeParameters>
</Attribute>
<Attribute name="medico_rut" id="1B1A292B-6D91-6EDC-E401-DAFC98F854FD">
<createdBy>Carlos Iba</createdBy>
<createdTime>2025-09-14 22:27:39 UTC</createdTime>
<ownerDesignName>Centro_medico</ownerDesignName>
<engineerTo>
<item key="42D97C96-D62E-8C4C-5C46-54C8461600C1" value="true"/>
</engineerTo>
<useDomainConstraints>false</useDomainConstraints>
<use>1</use>
<logicalDatatype>LOGDT024</logicalDatatype>
<dataTypeSize>12 CHAR</dataTypeSize>
<ownDataTypeParameters>12 CHAR,,</ownDataTypeParameters>
</Attribute>
<Attribute name="pago_id" id="507AE14F-B3D1-3F53-128E-DF41CF9570DB">
<createdBy>Carlos Iba</createdBy>
<createdTime>2025-09-15 00:15:36 UTC</createdTime>
<generatorID>96FAE64B-7A7C-438A-0DB4-70FFB560D5D4</generatorID>
<ownerDesignName>Centro_medico</ownerDesignName>
<engineerTo>
<item key="42D97C96-D62E-8C4C-5C46-54C8461600C1" value="true"/>
</engineerTo>
<referedAttribute>73D16887-7C27-BEAB-3DB2-C739D803877F</referedAttribute>
<useDomainConstraints>false</useDomainConstraints>
<use>1</use>
<logicalDatatype>LOGDT019</logicalDatatype>
<dataTypePrecision>6</dataTypePrecision>
<ownDataTypeParameters>,,</ownDataTypeParameters>
</Attribute>
<Attribute name="atencion_id1" id="8E6BC8DC-B31E-69EF-895C-87B6F1E8F765">
<createdBy>Carlos Iba</createdBy>
<createdTime>2025-09-15 00:16:20 UTC</createdTime>
<generatorID>0BCD1071-5E0E-1648-9569-79DB329C7B2E</generatorID>
<ownerDesignName>Centro_medico</ownerDesignName>
<engineerTo>
<item key="42D97C96-D62E-8C4C-5C46-54C8461600C1" value="true"/>
</engineerTo>
<referedAttribute>10125282-8683-A85B-515D-716C27D72749</referedAttribute>
<useDomainConstraints>false</useDomainConstraints>
<use>1</use>
<logicalDatatype>LOGDT019</logicalDatatype>
<dataTypePrecision>6</dataTypePrecision>
<ownDataTypeParameters>,,</ownDataTypeParameters>
</Attribute>
<Attribute name="examen_codigo" id="E7FD3021-6C0D-5109-B033-DB7A00CECF28">
<createdBy>Carlos Iba</createdBy>
<createdTime>2025-09-15 00:16:20 UTC</createdTime>
<generatorID>0BCD1071-5E0E-1648-9569-79DB329C7B2E</generatorID>
<ownerDesignName>Centro_medico</ownerDesignName>
<engineerTo>
<item key="42D97C96-D62E-8C4C-5C46-54C8461600C1" value="true"/>
</engineerTo>
<referedAttribute>D1D7D91A-0DD7-BB31-BFE6-E1E0441781FE</referedAttribute>
<useDomainConstraints>false</useDomainConstraints>
<use>1</use>
<logicalDatatype>LOGDT024</logicalDatatype>
<dataTypeSize>20 CHAR</dataTypeSize>
<ownDataTypeParameters>,,</ownDataTypeParameters>
</Attribute>
</attributes>
<identifiers itemClass="oracle.dbtools.crest.model.design.logical.CandidateKey">
<identifier id="079470AF-10B8-04F1-2A2D-D839AE9DE35C" name="ATENCION_MEDICA PK">
<createdBy>Carlos Iba</createdBy>
<createdTime>2025-09-14 22:25:39 UTC</createdTime>
<ownerDesignName>Centro_medico</ownerDesignName>
<engineerTo>
<item key="42D97C96-D62E-8C4C-5C46-54C8461600C1" value="true"/>
</engineerTo>
<pk>true</pk>
<usedAttributes>
<attributeRef>18FFDBD5-9787-7CB3-0415-F4DA90528A96</attributeRef>
</usedAttributes>
</identifier>
</identifiers>
</Entity>
