<?xml version = '1.0' encoding = 'UTF-8'?>
<Entity class="oracle.dbtools.crest.model.design.logical.Entity" directorySegmentName="seg_0" id="8874F83F-714B-C219-D2C0-894D391209C3" name="REGIÓN">
<createdBy>Carlos Iba</createdBy>
<createdTime>2025-09-14 21:35:14 UTC</createdTime>
<ownerDesignName>Centro_medico</ownerDesignName>
<engineerTo>
<item key="42D97C96-D62E-8C4C-5C46-54C8461600C1" value="true"/>
</engineerTo>
<adequatelyNormalized>NO</adequatelyNormalized>
<expectedVolumes>0</expectedVolumes>
<fwdEngineeringStrategyName>Single Table</fwdEngineeringStrategyName>
<growthPercent>0</growthPercent>
<growthType>Year</growthType>
<maxVolumes>9999999</maxVolumes>
<minVolumes>0</minVolumes>
<normalForm>Third</normalForm>
<createSurrogateKey>true</createSurrogateKey>
<attributes itemClass="oracle.dbtools.crest.model.design.logical.Attribute">
<Attribute name="nombre" id="A6AAAFAF-2376-ED7E-B71D-19C2DCB5D9D6">
<createdBy>Carlos Iba</createdBy>
<createdTime>2025-09-14 22:07:14 UTC</createdTime>
<ownerDesignName>Centro_medico</ownerDesignName>
<engineerTo>
<item key="42D97C96-D62E-8C4C-5C46-54C8461600C1" value="true"/>
</engineerTo>
<useDomainConstraints>false</useDomainConstraints>
<use>1</use>
<ownDataTypeParameters>,,</ownDataTypeParameters>
</Attribute>
<Attribute name="Comuna_id" id="475C5BD8-36F1-6878-44B5-436E05C1BA31">
<createdBy>Carlos Iba</createdBy>
<createdTime>2025-09-15 00:07:47 UTC</createdTime>
<generatorID>B6D02135-9367-EBF9-5B64-78842A7175FA</generatorID>
<ownerDesignName>Centro_medico</ownerDesignName>
<engineerTo>
<item key="42D97C96-D62E-8C4C-5C46-54C8461600C1" value="true"/>
</engineerTo>
<referedAttribute>91C49921-FA04-A778-3DAD-6C1B6D35A8DE</referedAttribute>
<useDomainConstraints>false</useDomainConstraints>
<use>1</use>
<dataTypePrecision>4</dataTypePrecision>
<ownDataTypeParameters>,,</ownDataTypeParameters>
</Attribute>
<Attribute name="region_id" id="AA81E48E-BA53-3115-4789-CD0AF9B6EFAE">
<createdBy>Carlos Iba</createdBy>
<createdTime>2025-09-16 01:16:07 UTC</createdTime>
<ownerDesignName>Centro_medico</ownerDesignName>
<engineerTo>
<item key="42D97C96-D62E-8C4C-5C46-54C8461600C1" value="true"/>
</engineerTo>
<useDomainConstraints>false</useDomainConstraints>
<use>1</use>
<ownDataTypeParameters>,,</ownDataTypeParameters>
</Attribute>
</attributes>
<identifiers itemClass="oracle.dbtools.crest.model.design.logical.CandidateKey">
<identifier id="F676E0F2-F890-EEB6-E92E-68BF763D195A" name="REGIÓN PK">
<createdBy>Carlos Iba</createdBy>
<createdTime>2025-09-14 22:03:24 UTC</createdTime>
<ownerDesignName>Centro_medico</ownerDesignName>
<engineerTo>
<item key="42D97C96-D62E-8C4C-5C46-54C8461600C1" value="true"/>
</engineerTo>
<pk>true</pk>
<usedAttributes>
<attributeRef>AA81E48E-BA53-3115-4789-CD0AF9B6EFAE</attributeRef>
</usedAttributes>
</identifier>
</identifiers>
</Entity>
