<?xml version = '1.0' encoding = 'UTF-8'?>
<Entity class="oracle.dbtools.crest.model.design.logical.Entity" directorySegmentName="seg_0" id="BD4456DB-48F9-7C21-315A-1E46103B410D" name="PACIENTE">
<createdBy>Carlos Iba</createdBy>
<createdTime>2025-09-14 21:58:02 UTC</createdTime>
<ownerDesignName>Centro_medico</ownerDesignName>
<engineerTo>
<item key="42D97C96-D62E-8C4C-5C46-54C8461600C1" value="true"/>
</engineerTo>
<adequatelyNormalized>NO</adequatelyNormalized>
<expectedVolumes>0</expectedVolumes>
<fwdEngineeringStrategyName>Single Table</fwdEngineeringStrategyName>
<growthPercent>0</growthPercent>
<growthType>Year</growthType>
<maxVolumes>9999999</maxVolumes>
<minVolumes>0</minVolumes>
<normalForm>Third</normalForm>
<createSurrogateKey>true</createSurrogateKey>
<attributes itemClass="oracle.dbtools.crest.model.design.logical.Attribute">
<Attribute name="rut" id="23235B7C-162C-9701-F84C-05F0F8D93F16">
<createdBy>Carlos Iba</createdBy>
<createdTime>2025-09-14 22:15:26 UTC</createdTime>
<ownerDesignName>Centro_medico</ownerDesignName>
<engineerTo>
<item key="42D97C96-D62E-8C4C-5C46-54C8461600C1" value="true"/>
</engineerTo>
<useDomainConstraints>false</useDomainConstraints>
<use>1</use>
<logicalDatatype>LOGDT024</logicalDatatype>
<dataTypeSize>12 CHAR</dataTypeSize>
<ownDataTypeParameters>12 CHAR,,</ownDataTypeParameters>
</Attribute>
<Attribute name="nombre_completo" id="1BC009D9-F7A1-7C1C-F3CE-A3FF050EACFC">
<createdBy>Carlos Iba</createdBy>
<createdTime>2025-09-14 22:15:46 UTC</createdTime>
<ownerDesignName>Centro_medico</ownerDesignName>
<engineerTo>
<item key="42D97C96-D62E-8C4C-5C46-54C8461600C1" value="true"/>
</engineerTo>
<useDomainConstraints>false</useDomainConstraints>
<use>1</use>
<logicalDatatype>LOGDT024</logicalDatatype>
<dataTypeSize>200 CHAR</dataTypeSize>
<ownDataTypeParameters>200 CHAR,,</ownDataTypeParameters>
</Attribute>
<Attribute name="sexo" id="E122ED30-B1F5-2CC4-B87A-E9A2BC080B27">
<createdBy>Carlos Iba</createdBy>
<createdTime>2025-09-14 22:16:13 UTC</createdTime>
<ownerDesignName>Centro_medico</ownerDesignName>
<engineerTo>
<item key="42D97C96-D62E-8C4C-5C46-54C8461600C1" value="true"/>
</engineerTo>
<nullsAllowed>true</nullsAllowed>
<useDomainConstraints>false</useDomainConstraints>
<use>1</use>
<logicalDatatype>LOGDT025</logicalDatatype>
<dataTypeSize>1</dataTypeSize>
<ownDataTypeParameters>1,,</ownDataTypeParameters>
</Attribute>
<Attribute name="fecha_nacimiento" id="BA62F6A2-982F-85C4-72CA-2607B89410AE">
<createdBy>Carlos Iba</createdBy>
<createdTime>2025-09-14 22:17:48 UTC</createdTime>
<ownerDesignName>Centro_medico</ownerDesignName>
<engineerTo>
<item key="42D97C96-D62E-8C4C-5C46-54C8461600C1" value="true"/>
</engineerTo>
<useDomainConstraints>false</useDomainConstraints>
<use>1</use>
<logicalDatatype>LOGDT007</logicalDatatype>
<ownDataTypeParameters>,,</ownDataTypeParameters>
</Attribute>
<Attribute name="direccion" id="E4EDEFB4-2AEE-1AFA-A690-D116BF5AE83D">
<createdBy>Carlos Iba</createdBy>
<createdTime>2025-09-14 22:18:03 UTC</createdTime>
<ownerDesignName>Centro_medico</ownerDesignName>
<engineerTo>
<item key="42D97C96-D62E-8C4C-5C46-54C8461600C1" value="true"/>
</engineerTo>
<nullsAllowed>true</nullsAllowed>
<useDomainConstraints>false</useDomainConstraints>
<use>1</use>
<logicalDatatype>LOGDT024</logicalDatatype>
<dataTypeSize>250 CHAR</dataTypeSize>
<ownDataTypeParameters>250 CHAR,,</ownDataTypeParameters>
</Attribute>
<Attribute name="comuna_id" id="AC2E1BA0-5164-86BE-8035-B504AC7422CF">
<createdBy>Carlos Iba</createdBy>
<createdTime>2025-09-14 22:18:39 UTC</createdTime>
<ownerDesignName>Centro_medico</ownerDesignName>
<engineerTo>
<item key="42D97C96-D62E-8C4C-5C46-54C8461600C1" value="true"/>
</engineerTo>
<nullsAllowed>true</nullsAllowed>
<useDomainConstraints>false</useDomainConstraints>
<use>1</use>
<logicalDatatype>LOGDT019</logicalDatatype>
<dataTypePrecision>4</dataTypePrecision>
<ownDataTypeParameters>,4,</ownDataTypeParameters>
</Attribute>
<Attribute name="tipo_usuario" id="90B96BBB-3989-F0C4-9D43-CA931496CCD0">
<createdBy>Carlos Iba</createdBy>
<createdTime>2025-09-14 22:19:03 UTC</createdTime>
<ownerDesignName>Centro_medico</ownerDesignName>
<engineerTo>
<item key="42D97C96-D62E-8C4C-5C46-54C8461600C1" value="true"/>
</engineerTo>
<nullsAllowed>true</nullsAllowed>
<useDomainConstraints>false</useDomainConstraints>
<use>1</use>
<logicalDatatype>LOGDT024</logicalDatatype>
<dataTypeSize>20 CHAR</dataTypeSize>
<ownDataTypeParameters>20 CHAR,,</ownDataTypeParameters>
</Attribute>
<Attribute name="atencion_id" id="752381D5-F2CF-6014-75D2-1AEA7FCA727F">
<createdBy>Carlos Iba</createdBy>
<createdTime>2025-09-15 00:15:08 UTC</createdTime>
<generatorID>F60CB896-5655-46C1-19E9-7A64611E2AA2</generatorID>
<ownerDesignName>Centro_medico</ownerDesignName>
<engineerTo>
<item key="42D97C96-D62E-8C4C-5C46-54C8461600C1" value="true"/>
</engineerTo>
<referedAttribute>18FFDBD5-9787-7CB3-0415-F4DA90528A96</referedAttribute>
<useDomainConstraints>false</useDomainConstraints>
<use>1</use>
<logicalDatatype>LOGDT019</logicalDatatype>
<dataTypePrecision>6</dataTypePrecision>
<ownDataTypeParameters>,,</ownDataTypeParameters>
</Attribute>
</attributes>
<identifiers itemClass="oracle.dbtools.crest.model.design.logical.CandidateKey">
<identifier id="72C98D22-19B5-EB57-575D-8849967F9444" name="PACIENTE PK">
<createdBy>Carlos Iba</createdBy>
<createdTime>2025-09-14 22:15:41 UTC</createdTime>
<ownerDesignName>Centro_medico</ownerDesignName>
<engineerTo>
<item key="42D97C96-D62E-8C4C-5C46-54C8461600C1" value="true"/>
</engineerTo>
<pk>true</pk>
<usedAttributes>
<attributeRef>23235B7C-162C-9701-F84C-05F0F8D93F16</attributeRef>
</usedAttributes>
</identifier>
</identifiers>
</Entity>
