<?xml version = '1.0' encoding = 'UTF-8'?>
<Entity class="oracle.dbtools.crest.model.design.logical.Entity" directorySegmentName="seg_0" id="D8BA6773-E5FC-0723-A21D-A0CD1CDB2B07" name="ESPECIALIDAD">
<createdBy>Carlos Iba</createdBy>
<createdTime>2025-09-14 21:57:58 UTC</createdTime>
<ownerDesignName>Centro_medico</ownerDesignName>
<engineerTo>
<item key="42D97C96-D62E-8C4C-5C46-54C8461600C1" value="true"/>
</engineerTo>
<adequatelyNormalized>NO</adequatelyNormalized>
<expectedVolumes>0</expectedVolumes>
<fwdEngineeringStrategyName>Single Table</fwdEngineeringStrategyName>
<growthPercent>0</growthPercent>
<growthType>Year</growthType>
<maxVolumes>9999999</maxVolumes>
<minVolumes>0</minVolumes>
<normalForm>Third</normalForm>
<createSurrogateKey>true</createSurrogateKey>
<attributes itemClass="oracle.dbtools.crest.model.design.logical.Attribute">
<Attribute name="especialidad_id" id="A5517A55-CBA7-0434-D796-23DED10CFBB6">
<createdBy>Carlos Iba</createdBy>
<createdTime>2025-09-14 22:22:15 UTC</createdTime>
<ownerDesignName>Centro_medico</ownerDesignName>
<engineerTo>
<item key="42D97C96-D62E-8C4C-5C46-54C8461600C1" value="true"/>
</engineerTo>
<useDomainConstraints>false</useDomainConstraints>
<use>1</use>
<dataTypePrecision>3</dataTypePrecision>
<ownDataTypeParameters>,3,</ownDataTypeParameters>
</Attribute>
<Attribute name="nombre" id="B86AC0C4-C2F5-F160-5D39-29D572ED1960">
<createdBy>Carlos Iba</createdBy>
<createdTime>2025-09-14 22:22:35 UTC</createdTime>
<ownerDesignName>Centro_medico</ownerDesignName>
<engineerTo>
<item key="42D97C96-D62E-8C4C-5C46-54C8461600C1" value="true"/>
</engineerTo>
<useDomainConstraints>false</useDomainConstraints>
<use>1</use>
<dataTypeSize>120 CHAR</dataTypeSize>
<ownDataTypeParameters>120 CHAR,,</ownDataTypeParameters>
</Attribute>
<Attribute name="rut" id="FD348D67-FD9A-6FD8-4711-9332571F0B55">
<createdBy>Carlos Iba</createdBy>
<createdTime>2025-09-15 00:12:43 UTC</createdTime>
<generatorID>60CFC8C2-0BF7-D5D8-16A8-FEF92C67D80F</generatorID>
<ownerDesignName>Centro_medico</ownerDesignName>
<engineerTo>
<item key="42D97C96-D62E-8C4C-5C46-54C8461600C1" value="true"/>
</engineerTo>
<referedAttribute>C500BDE4-3E3F-6212-FD0E-06E2D2CF5F65</referedAttribute>
<useDomainConstraints>false</useDomainConstraints>
<use>1</use>
<dataTypeSize>12 CHAR</dataTypeSize>
<ownDataTypeParameters>12 CHAR,,</ownDataTypeParameters>
</Attribute>
</attributes>
<identifiers itemClass="oracle.dbtools.crest.model.design.logical.CandidateKey">
<identifier id="070F68C1-E0C5-F114-DA5F-0D5541F2C25E" name="ESPECIALIDAD PK">
<createdBy>Carlos Iba</createdBy>
<createdTime>2025-09-14 22:22:33 UTC</createdTime>
<ownerDesignName>Centro_medico</ownerDesignName>
<engineerTo>
<item key="42D97C96-D62E-8C4C-5C46-54C8461600C1" value="true"/>
</engineerTo>
<pk>true</pk>
<usedAttributes>
<attributeRef>A5517A55-CBA7-0434-D796-23DED10CFBB6</attributeRef>
</usedAttributes>
</identifier>
</identifiers>
</Entity>
