<?xml version = '1.0' encoding = 'UTF-8'?>
<Entity class="oracle.dbtools.crest.model.design.logical.Entity" directorySegmentName="seg_0" id="FF345A78-AABC-4AE5-A12C-D31E42FED77E" name="UNIDAD_ATENCION">
<createdBy>Carlos Iba</createdBy>
<createdTime>2025-09-15 00:20:40 UTC</createdTime>
<ownerDesignName>Centro_medico</ownerDesignName>
<engineerTo>
<item key="42D97C96-D62E-8C4C-5C46-54C8461600C1" value="true"/>
</engineerTo>
<adequatelyNormalized>NO</adequatelyNormalized>
<expectedVolumes>0</expectedVolumes>
<fwdEngineeringStrategyName>Single Table</fwdEngineeringStrategyName>
<growthPercent>0</growthPercent>
<growthType>Year</growthType>
<maxVolumes>9999999</maxVolumes>
<minVolumes>0</minVolumes>
<normalForm>Third</normalForm>
<createSurrogateKey>true</createSurrogateKey>
<attributes itemClass="oracle.dbtools.crest.model.design.logical.Attribute">
<Attribute name="unidad_id" id="07C7CAB5-355E-B8D2-D528-67AFB434800D">
<createdBy>Carlos Iba</createdBy>
<createdTime>2025-09-15 00:20:40 UTC</createdTime>
<ownerDesignName>Centro_medico</ownerDesignName>
<engineerTo>
<item key="42D97C96-D62E-8C4C-5C46-54C8461600C1" value="true"/>
</engineerTo>
<useDomainConstraints>false</useDomainConstraints>
<use>1</use>
<dataTypePrecision>3</dataTypePrecision>
<ownDataTypeParameters>,3,</ownDataTypeParameters>
</Attribute>
<Attribute name="nombre" id="FDEE7F16-60C4-A976-BE35-936AB087FCF0">
<createdBy>Carlos Iba</createdBy>
<createdTime>2025-09-15 00:20:40 UTC</createdTime>
<ownerDesignName>Centro_medico</ownerDesignName>
<engineerTo>
<item key="42D97C96-D62E-8C4C-5C46-54C8461600C1" value="true"/>
</engineerTo>
<useDomainConstraints>false</useDomainConstraints>
<use>1</use>
<dataTypeSize>100 CHAR</dataTypeSize>
<ownDataTypeParameters>100 CHAR,,</ownDataTypeParameters>
</Attribute>
<Attribute name="rut" id="D309FAEB-EEC9-7B2D-EB88-005BEAE08F31">
<createdBy>Carlos Iba</createdBy>
<createdTime>2025-09-15 00:22:12 UTC</createdTime>
<generatorID>FBE6C257-891D-F125-E86B-61B499CCF373</generatorID>
<ownerDesignName>Centro_medico</ownerDesignName>
<engineerTo>
<item key="42D97C96-D62E-8C4C-5C46-54C8461600C1" value="true"/>
</engineerTo>
<referedAttribute>C500BDE4-3E3F-6212-FD0E-06E2D2CF5F65</referedAttribute>
<useDomainConstraints>false</useDomainConstraints>
<use>1</use>
<dataTypeSize>12 CHAR</dataTypeSize>
<ownDataTypeParameters>12 CHAR,,</ownDataTypeParameters>
</Attribute>
</attributes>
<identifiers itemClass="oracle.dbtools.crest.model.design.logical.CandidateKey">
<identifier id="8D2CD9E7-FBCD-C3DE-4F84-CDC74E833690" name="Región PK">
<createdBy>Carlos Iba</createdBy>
<createdTime>2025-09-15 00:20:40 UTC</createdTime>
<ownerDesignName>Centro_medico</ownerDesignName>
<engineerTo>
<item key="42D97C96-D62E-8C4C-5C46-54C8461600C1" value="true"/>
</engineerTo>
<pk>true</pk>
<usedAttributes>
<attributeRef>07C7CAB5-355E-B8D2-D528-67AFB434800D</attributeRef>
</usedAttributes>
</identifier>
</identifiers>
</Entity>
