<?xml version = '1.0' encoding = 'UTF-8'?>
<Table class="oracle.dbtools.crest.model.design.relational.Table" directorySegmentName="seg_0" id="0157017A-15ED-216E-B3F0-1543779868FD" name="ATENCION_EXAMEN">
<createdBy>Carlos Iba</createdBy>
<createdTime>2025-09-15 02:29:01 UTC</createdTime>
<generatorID>B33CBF0A-9AB3-235B-530D-018AD972C018</generatorID>
<ownerDesignName>Centro_medico</ownerDesignName>
<allowColumnReorder>false</allowColumnReorder>
<existDependencyGenerateInDDl>true</existDependencyGenerateInDDl>
<parsed>true</parsed>
<columns itemClass="oracle.dbtools.crest.model.design.relational.Column">
<Column name="atencion_id" id="0069B558-9EA2-8D6B-2F6D-9991D1A44C81">
<createdBy>Carlos Iba</createdBy>
<createdTime>2025-09-15 02:29:01 UTC</createdTime>
<generatorID>10125282-8683-A85B-515D-716C27D72749</generatorID>
<ownerDesignName>Centro_medico</ownerDesignName>
<useDomainConstraints>false</useDomainConstraints>
<use>1</use>
<logicalDatatype>LOGDT019</logicalDatatype>
<dataTypePrecision>6</dataTypePrecision>
<ownDataTypeParameters>,6,</ownDataTypeParameters>
<autoIncrementCycle>false</autoIncrementCycle>
</Column>
<Column name="examen_codigo" id="8F0C2E75-53C8-7C60-4A6B-4AEE6CB5F838">
<createdBy>Carlos Iba</createdBy>
<createdTime>2025-09-15 02:29:01 UTC</createdTime>
<generatorID>D1D7D91A-0DD7-BB31-BFE6-E1E0441781FE</generatorID>
<ownerDesignName>Centro_medico</ownerDesignName>
<useDomainConstraints>false</useDomainConstraints>
<use>1</use>
<logicalDatatype>LOGDT024</logicalDatatype>
<dataTypeSize>20 CHAR</dataTypeSize>
<ownDataTypeParameters>20 CHAR,,</ownDataTypeParameters>
<autoIncrementCycle>false</autoIncrementCycle>
</Column>
<Column name="resultado" id="7E5E7A58-D1F4-C0F1-1723-AC1342371803">
<createdBy>Carlos Iba</createdBy>
<createdTime>2025-09-15 02:29:01 UTC</createdTime>
<generatorID>01ACEF1D-79BC-9B36-4707-D5457E1CF482</generatorID>
<ownerDesignName>Centro_medico</ownerDesignName>
<nullsAllowed>true</nullsAllowed>
<useDomainConstraints>false</useDomainConstraints>
<use>1</use>
<logicalDatatype>LOGDT024</logicalDatatype>
<dataTypeSize>1000 CHAR</dataTypeSize>
<ownDataTypeParameters>1000 CHAR,,</ownDataTypeParameters>
<autoIncrementCycle>false</autoIncrementCycle>
</Column>
<Column name="fecha_resultado" id="7DD19AA9-C863-DAAA-A4A4-1E243FEB61C0">
<createdBy>Carlos Iba</createdBy>
<createdTime>2025-09-15 02:29:01 UTC</createdTime>
<generatorID>2B674DED-864D-520B-401B-63DD4DB1816B</generatorID>
<ownerDesignName>Centro_medico</ownerDesignName>
<nullsAllowed>true</nullsAllowed>
<useDomainConstraints>false</useDomainConstraints>
<use>1</use>
<logicalDatatype>LOGDT007</logicalDatatype>
<ownDataTypeParameters>,,</ownDataTypeParameters>
<autoIncrementCycle>false</autoIncrementCycle>
</Column>
<Column name="ATENCION_EXAMEN_ID" id="E80A6E7E-7BB2-499B-0BB5-E6A9DDA88750">
<createdBy>Carlos Iba</createdBy>
<createdTime>2025-09-15 02:29:01 UTC</createdTime>
<ownerDesignName>Centro_medico</ownerDesignName>
<useDomainConstraints>false</useDomainConstraints>
<use>1</use>
<logicalDatatype>LOGDT019</logicalDatatype>
<ownDataTypeParameters>,,</ownDataTypeParameters>
<autoIncrementColumn>true</autoIncrementColumn>
<identityColumn>true</identityColumn>
<autoIncrementCycle>false</autoIncrementCycle>
<isSurrogateColumn>true</isSurrogateColumn>
</Column>
</columns>
<indexes itemClass="oracle.dbtools.crest.model.design.relational.Index">
<ind_PK_UK id="A93D419D-AE0C-FC49-31EB-36E10DB6F050" name="PK_ATENCION_EXAMEN">
<createdBy>Carlos Iba</createdBy>
<createdTime>2025-09-15 02:29:01 UTC</createdTime>
<ownerDesignName>Centro_medico</ownerDesignName>
<pk>true</pk>
<indexState>Primary Constraint</indexState>
<indexColumnUsage>
<colUsage columnID="E80A6E7E-7BB2-499B-0BB5-E6A9DDA88750"/>
</indexColumnUsage>
</ind_PK_UK>
<ind_PK_UK id="50C7BE9E-4D21-FF41-5125-DB7C436D595A" name="ATENCION_EXAMEN_atencion_id_examen_codigo_UN">
<createdBy>Carlos Iba</createdBy>
<createdTime>2025-09-15 02:29:01 UTC</createdTime>
<generatorID>1584D16C-9919-5BED-4F4B-DED9C21327A2</generatorID>
<ownerDesignName>Centro_medico</ownerDesignName>
<indexState>Unique Constraint</indexState>
<isSurrogateKey>false</isSurrogateKey>
<indexColumnUsage>
<colUsage columnID="0069B558-9EA2-8D6B-2F6D-9991D1A44C81"/>
<colUsage columnID="8F0C2E75-53C8-7C60-4A6B-4AEE6CB5F838"/>
</indexColumnUsage>
</ind_PK_UK>
</indexes>
</Table>
