<?xml version = '1.0' encoding = 'UTF-8'?>
<Table class="oracle.dbtools.crest.model.design.relational.Table" directorySegmentName="seg_0" id="44F99E50-F4D2-394B-6EFD-70B2851D452D" name="TARJETA">
<createdBy>Carlos Iba</createdBy>
<createdTime>2025-09-15 02:29:01 UTC</createdTime>
<generatorID>205F8943-97BE-520F-5B56-C9E31EFAFCA5</generatorID>
<ownerDesignName>Centro_medico</ownerDesignName>
<allowColumnReorder>false</allowColumnReorder>
<existDependencyGenerateInDDl>true</existDependencyGenerateInDDl>
<parsed>true</parsed>
<columns itemClass="oracle.dbtools.crest.model.design.relational.Column">
<Column name="pago_id" id="1EF8E7F4-EA00-273A-6BE9-4EC5AF896859">
<createdBy>Carlos Iba</createdBy>
<createdTime>2025-09-15 02:29:01 UTC</createdTime>
<generatorID>73D16887-7C27-BEAB-3DB2-C739D803877F</generatorID>
<ownerDesignName>Centro_medico</ownerDesignName>
<useDomainConstraints>false</useDomainConstraints>
<use>1</use>
<logicalDatatype>LOGDT019</logicalDatatype>
<dataTypePrecision>6</dataTypePrecision>
<ownDataTypeParameters>,,</ownDataTypeParameters>
<autoIncrementCycle>false</autoIncrementCycle>
<associations>
<colAssociation fkAssociation="7F9DF79D-A61F-B810-A206-FB949F594E96" referredColumn="39928754-5044-8AF0-0FF1-69755A780417"/>
</associations>
</Column>
<Column name="id_tarjeta" id="36383F93-C899-0F16-7539-E2A6E9719B23">
<createdBy>Carlos Iba</createdBy>
<createdTime>2025-09-15 02:29:01 UTC</createdTime>
<generatorID>E6054DC1-42C4-C48A-CAB5-885B28E51025</generatorID>
<ownerDesignName>Centro_medico</ownerDesignName>
<useDomainConstraints>false</useDomainConstraints>
<use>1</use>
<logicalDatatype>LOGDT043</logicalDatatype>
<ownDataTypeParameters>,,</ownDataTypeParameters>
<autoIncrementCycle>false</autoIncrementCycle>
</Column>
</columns>
<indexes itemClass="oracle.dbtools.crest.model.design.relational.Index">
<ind_PK_UK id="7BB3F9EA-27B5-A77F-9E0D-147013118DC2" name="TARJETA_pago_id_UN">
<createdBy>Carlos Iba</createdBy>
<createdTime>2025-09-15 02:29:01 UTC</createdTime>
<generatorID>41F26BFB-CD75-A2DF-AFF3-1F49000F066E</generatorID>
<ownerDesignName>Centro_medico</ownerDesignName>
<indexState>Unique Constraint</indexState>
<isSurrogateKey>false</isSurrogateKey>
<indexColumnUsage>
<colUsage columnID="1EF8E7F4-EA00-273A-6BE9-4EC5AF896859"/>
</indexColumnUsage>
</ind_PK_UK>
<ind_PK_UK id="5B2F3A76-5A1D-0DAC-358F-E4AEB9295F5F" name="TARJETA_id_tarjeta_UN">
<createdBy>Carlos Iba</createdBy>
<createdTime>2025-09-15 02:29:01 UTC</createdTime>
<generatorID>B517A8B6-473B-6184-0FF5-7167DFBA468B</generatorID>
<ownerDesignName>Centro_medico</ownerDesignName>
<indexState>Unique Constraint</indexState>
<isSurrogateKey>false</isSurrogateKey>
<indexColumnUsage>
<colUsage columnID="36383F93-C899-0F16-7539-E2A6E9719B23"/>
</indexColumnUsage>
</ind_PK_UK>
<ind_PK_UK id="3662C129-80B1-A110-C0CE-6DCB5381E563" name="FK_TARJETA_PAGO_ATENCION">
<createdBy>Carlos Iba</createdBy>
<createdTime>2025-09-15 02:29:01 UTC</createdTime>
<generatorID>C9424717-8B8A-AB29-D33F-2B8DD7EE96B4</generatorID>
<ownerDesignName>Centro_medico</ownerDesignName>
<indexState>Foreign Key</indexState>
<isSurrogateKey>false</isSurrogateKey>
<indexColumnUsage>
<colUsage columnID="1EF8E7F4-EA00-273A-6BE9-4EC5AF896859"/>
</indexColumnUsage>
</ind_PK_UK>
</indexes>
</Table>
