<?xml version = '1.0' encoding = 'UTF-8'?>
<Table class="oracle.dbtools.crest.model.design.relational.Table" directorySegmentName="seg_0" id="4A5E650E-EADF-194A-043D-B8871D1139C1" name="EFECTIVO">
<createdBy>Carlos Iba</createdBy>
<createdTime>2025-09-15 02:29:01 UTC</createdTime>
<generatorID>6637E61E-8842-F8DA-7B0C-3F18E9EB231B</generatorID>
<ownerDesignName>Centro_medico</ownerDesignName>
<allowColumnReorder>false</allowColumnReorder>
<existDependencyGenerateInDDl>true</existDependencyGenerateInDDl>
<parsed>true</parsed>
<columns itemClass="oracle.dbtools.crest.model.design.relational.Column">
<Column name="pago_id" id="6545AACB-EFFE-F99D-ECAE-6BB95484543C">
<createdBy>Carlos Iba</createdBy>
<createdTime>2025-09-15 02:29:01 UTC</createdTime>
<generatorID>73D16887-7C27-BEAB-3DB2-C739D803877F</generatorID>
<ownerDesignName>Centro_medico</ownerDesignName>
<useDomainConstraints>false</useDomainConstraints>
<use>1</use>
<logicalDatatype>LOGDT019</logicalDatatype>
<dataTypePrecision>6</dataTypePrecision>
<ownDataTypeParameters>,,</ownDataTypeParameters>
<autoIncrementCycle>false</autoIncrementCycle>
<associations>
<colAssociation fkAssociation="F8BAC560-B472-4201-358F-521239A8A533" referredColumn="39928754-5044-8AF0-0FF1-69755A780417"/>
</associations>
</Column>
<Column name="id_efectivo" id="171B1572-C1DB-DCFC-0B29-683737EDECD2">
<createdBy>Carlos Iba</createdBy>
<createdTime>2025-09-15 02:29:01 UTC</createdTime>
<generatorID>7312CF85-7C15-A086-4D34-ED04CB02A9BA</generatorID>
<ownerDesignName>Centro_medico</ownerDesignName>
<useDomainConstraints>false</useDomainConstraints>
<use>1</use>
<logicalDatatype>LOGDT043</logicalDatatype>
<ownDataTypeParameters>,,</ownDataTypeParameters>
<autoIncrementCycle>false</autoIncrementCycle>
</Column>
</columns>
<indexes itemClass="oracle.dbtools.crest.model.design.relational.Index">
<ind_PK_UK id="AB48D7D1-C71B-0C66-7EF6-B7E450CFB300" name="EFECTIVO_pago_id_UN">
<createdBy>Carlos Iba</createdBy>
<createdTime>2025-09-15 02:29:01 UTC</createdTime>
<generatorID>41F26BFB-CD75-A2DF-AFF3-1F49000F066E</generatorID>
<ownerDesignName>Centro_medico</ownerDesignName>
<indexState>Unique Constraint</indexState>
<isSurrogateKey>false</isSurrogateKey>
<indexColumnUsage>
<colUsage columnID="6545AACB-EFFE-F99D-ECAE-6BB95484543C"/>
</indexColumnUsage>
</ind_PK_UK>
<ind_PK_UK id="340613E6-1CBF-2D19-7DFB-FD5DC810134A" name="EFECTIVO_id_efectivo_UN">
<createdBy>Carlos Iba</createdBy>
<createdTime>2025-09-15 02:29:01 UTC</createdTime>
<generatorID>E1686BB7-FAD1-4E02-ECBB-C5756519CAD7</generatorID>
<ownerDesignName>Centro_medico</ownerDesignName>
<indexState>Unique Constraint</indexState>
<isSurrogateKey>false</isSurrogateKey>
<indexColumnUsage>
<colUsage columnID="171B1572-C1DB-DCFC-0B29-683737EDECD2"/>
</indexColumnUsage>
</ind_PK_UK>
<ind_PK_UK id="8209DB4E-5186-A7F0-9C82-CE0FFA4B2B77" name="FK_EFECTIVO_PAGO_ATENCION">
<createdBy>Carlos Iba</createdBy>
<createdTime>2025-09-15 02:29:01 UTC</createdTime>
<generatorID>EF577A7F-7577-CE11-0715-DC4117DE8877</generatorID>
<ownerDesignName>Centro_medico</ownerDesignName>
<indexState>Foreign Key</indexState>
<isSurrogateKey>false</isSurrogateKey>
<indexColumnUsage>
<colUsage columnID="6545AACB-EFFE-F99D-ECAE-6BB95484543C"/>
</indexColumnUsage>
</ind_PK_UK>
</indexes>
</Table>
