<?xml version = '1.0' encoding = 'UTF-8'?>
<Table class="oracle.dbtools.crest.model.design.relational.Table" directorySegmentName="seg_0" id="6A8D0D91-885D-935D-C02C-E6FC0DDC13D4" name="REGIÓN">
<createdBy>Carlos Iba</createdBy>
<createdTime>2025-09-15 02:29:01 UTC</createdTime>
<generatorID>8874F83F-714B-C219-D2C0-894D391209C3</generatorID>
<ownerDesignName>Centro_medico</ownerDesignName>
<ordsAlias>region</ordsAlias>
<allowColumnReorder>false</allowColumnReorder>
<existDependencyGenerateInDDl>true</existDependencyGenerateInDDl>
<parsed>true</parsed>
<columns itemClass="oracle.dbtools.crest.model.design.relational.Column">
<Column name="region_id" id="DB4420AA-1FD1-EB84-BD1D-9A60085FD9CF">
<createdBy>Carlos Iba</createdBy>
<createdTime>2025-09-15 02:29:01 UTC</createdTime>
<generatorID>93BA00E8-7797-4D82-EBBF-9F0E59DC6390</generatorID>
<ownerDesignName>Centro_medico</ownerDesignName>
<useDomainConstraints>false</useDomainConstraints>
<use>1</use>
<logicalDatatype>LOGDT019</logicalDatatype>
<dataTypePrecision>3</dataTypePrecision>
<ownDataTypeParameters>,3,</ownDataTypeParameters>
<autoIncrementCycle>false</autoIncrementCycle>
</Column>
<Column name="nombre" id="CD7CAD39-4E07-E65B-1CAF-96B165A04637">
<createdBy>Carlos Iba</createdBy>
<createdTime>2025-09-15 02:29:01 UTC</createdTime>
<generatorID>A6AAAFAF-2376-ED7E-B71D-19C2DCB5D9D6</generatorID>
<ownerDesignName>Centro_medico</ownerDesignName>
<useDomainConstraints>false</useDomainConstraints>
<use>1</use>
<logicalDatatype>LOGDT024</logicalDatatype>
<dataTypeSize>100 CHAR</dataTypeSize>
<ownDataTypeParameters>100 CHAR,,</ownDataTypeParameters>
<autoIncrementCycle>false</autoIncrementCycle>
</Column>
<Column name="Comuna_id" id="42374643-ED6D-88D4-D813-BFB9F161695C">
<createdBy>Carlos Iba</createdBy>
<createdTime>2025-09-15 02:29:01 UTC</createdTime>
<generatorID>475C5BD8-36F1-6878-44B5-436E05C1BA31</generatorID>
<ownerDesignName>Centro_medico</ownerDesignName>
<useDomainConstraints>false</useDomainConstraints>
<use>1</use>
<logicalDatatype>LOGDT019</logicalDatatype>
<dataTypePrecision>4</dataTypePrecision>
<ownDataTypeParameters>,,</ownDataTypeParameters>
<previousColumn>false</previousColumn>
<autoIncrementCycle>false</autoIncrementCycle>
<associations>
<colAssociation fkAssociation="E0234D74-9F76-4B3D-9E83-D70C7106B0BD" referredColumn="099EEEE0-3EC7-D293-504B-43908AF8CFF5"/>
</associations>
</Column>
<Column name="REGIÓN_ID" id="75F1CD3A-AF88-60E2-188D-01F56A208F4C">
<createdBy>Carlos Iba</createdBy>
<createdTime>2025-09-15 02:29:01 UTC</createdTime>
<ownerDesignName>Centro_medico</ownerDesignName>
<useDomainConstraints>false</useDomainConstraints>
<use>1</use>
<logicalDatatype>LOGDT019</logicalDatatype>
<ownDataTypeParameters>,,</ownDataTypeParameters>
<autoIncrementColumn>true</autoIncrementColumn>
<identityColumn>true</identityColumn>
<autoIncrementCycle>false</autoIncrementCycle>
<isSurrogateColumn>true</isSurrogateColumn>
</Column>
</columns>
<indexes itemClass="oracle.dbtools.crest.model.design.relational.Index">
<ind_PK_UK id="FC2854F3-3AF5-F8E8-F1FE-C66E838BA7D1" name="PK_REGIÓN">
<createdBy>Carlos Iba</createdBy>
<createdTime>2025-09-15 02:29:01 UTC</createdTime>
<ownerDesignName>Centro_medico</ownerDesignName>
<pk>true</pk>
<indexState>Primary Constraint</indexState>
<indexColumnUsage>
<colUsage columnID="75F1CD3A-AF88-60E2-188D-01F56A208F4C"/>
</indexColumnUsage>
</ind_PK_UK>
<ind_PK_UK id="C7A024DF-77B6-1659-7550-D7AE951D6293" name="REGIÓN_region_id_UN">
<createdBy>Carlos Iba</createdBy>
<createdTime>2025-09-15 02:29:01 UTC</createdTime>
<generatorID>F676E0F2-F890-EEB6-E92E-68BF763D195A</generatorID>
<ownerDesignName>Centro_medico</ownerDesignName>
<indexState>Unique Constraint</indexState>
<isSurrogateKey>false</isSurrogateKey>
<indexColumnUsage>
<colUsage columnID="DB4420AA-1FD1-EB84-BD1D-9A60085FD9CF"/>
</indexColumnUsage>
</ind_PK_UK>
<ind_PK_UK id="F00E11C5-4C12-DBB7-06BF-0B1C5CB6D8E1" name="FK_REGIÓN_COMUNA">
<createdBy>Carlos Iba</createdBy>
<createdTime>2025-09-15 02:29:01 UTC</createdTime>
<generatorID>B6D02135-9367-EBF9-5B64-78842A7175FA</generatorID>
<ownerDesignName>Centro_medico</ownerDesignName>
<indexState>Foreign Key</indexState>
<isSurrogateKey>false</isSurrogateKey>
<indexColumnUsage>
<colUsage columnID="42374643-ED6D-88D4-D813-BFB9F161695C"/>
</indexColumnUsage>
</ind_PK_UK>
</indexes>
</Table>
