<?xml version = '1.0' encoding = 'UTF-8'?>
<Table class="oracle.dbtools.crest.model.design.relational.Table" directorySegmentName="seg_0" id="7B9EF47D-2EEB-6278-A7EC-E1E282F7ADA6" name="INSTITUCION_SALUD">
<createdBy>Carlos Iba</createdBy>
<createdTime>2025-09-15 02:29:01 UTC</createdTime>
<generatorID>19F1C404-FFA2-9E54-43DB-8CEBD4C550C4</generatorID>
<ownerDesignName>Centro_medico</ownerDesignName>
<allowColumnReorder>false</allowColumnReorder>
<existDependencyGenerateInDDl>true</existDependencyGenerateInDDl>
<parsed>true</parsed>
<columns itemClass="oracle.dbtools.crest.model.design.relational.Column">
<Column name="institucion_id" id="397FAAEE-66D7-A699-0071-8CE6C6EE2639">
<createdBy>Carlos Iba</createdBy>
<createdTime>2025-09-15 02:29:01 UTC</createdTime>
<generatorID>B394BB03-7D2F-FD3C-5F8D-63C89340540C</generatorID>
<ownerDesignName>Centro_medico</ownerDesignName>
<useDomainConstraints>false</useDomainConstraints>
<use>1</use>
<logicalDatatype>LOGDT019</logicalDatatype>
<dataTypePrecision>3</dataTypePrecision>
<ownDataTypeParameters>,3,</ownDataTypeParameters>
<autoIncrementCycle>false</autoIncrementCycle>
</Column>
<Column name="nombre" id="EC22800D-754A-BE95-3999-626633DC988D">
<createdBy>Carlos Iba</createdBy>
<createdTime>2025-09-15 02:29:01 UTC</createdTime>
<generatorID>C68090BA-A81C-BF2C-0B0E-6B4903F0928B</generatorID>
<ownerDesignName>Centro_medico</ownerDesignName>
<useDomainConstraints>false</useDomainConstraints>
<use>1</use>
<logicalDatatype>LOGDT024</logicalDatatype>
<dataTypeSize>100 CHAR</dataTypeSize>
<ownDataTypeParameters>100 CHAR,,</ownDataTypeParameters>
<autoIncrementCycle>false</autoIncrementCycle>
</Column>
<Column name="tipo" id="3CE1737A-F1D2-A3AD-A780-8093AD4BFDA1">
<createdBy>Carlos Iba</createdBy>
<createdTime>2025-09-15 02:29:01 UTC</createdTime>
<generatorID>883ED4B6-A870-1E5C-5FCA-134BA1BDC59C</generatorID>
<ownerDesignName>Centro_medico</ownerDesignName>
<useDomainConstraints>false</useDomainConstraints>
<use>1</use>
<logicalDatatype>LOGDT024</logicalDatatype>
<dataTypeSize>20 CHAR</dataTypeSize>
<ownDataTypeParameters>20 CHAR,,</ownDataTypeParameters>
<autoIncrementCycle>false</autoIncrementCycle>
</Column>
<Column name="rut" id="63CC01B6-7415-30EF-3B9D-D498A699C341">
<createdBy>Carlos Iba</createdBy>
<createdTime>2025-09-15 02:29:01 UTC</createdTime>
<generatorID>3469DAAE-D51A-2D11-DB20-6F0906E10E3E</generatorID>
<ownerDesignName>Centro_medico</ownerDesignName>
<useDomainConstraints>false</useDomainConstraints>
<use>1</use>
<logicalDatatype>LOGDT024</logicalDatatype>
<dataTypeSize>12 CHAR</dataTypeSize>
<ownDataTypeParameters>,,</ownDataTypeParameters>
<previousColumn>false</previousColumn>
<autoIncrementCycle>false</autoIncrementCycle>
<associations>
<colAssociation fkAssociation="F6B1B4E9-1779-17B0-1701-288EE0A6CBAD" referredColumn="0090E4E9-9459-9623-C48C-35D0EF02C6D0"/>
</associations>
</Column>
<Column name="INSTITUCION_SALUD_ID" id="85418892-719A-FDC8-5E98-034EA069BAB4">
<createdBy>Carlos Iba</createdBy>
<createdTime>2025-09-15 02:29:01 UTC</createdTime>
<ownerDesignName>Centro_medico</ownerDesignName>
<useDomainConstraints>false</useDomainConstraints>
<use>1</use>
<logicalDatatype>LOGDT019</logicalDatatype>
<ownDataTypeParameters>,,</ownDataTypeParameters>
<autoIncrementColumn>true</autoIncrementColumn>
<identityColumn>true</identityColumn>
<autoIncrementCycle>false</autoIncrementCycle>
<isSurrogateColumn>true</isSurrogateColumn>
</Column>
</columns>
<indexes itemClass="oracle.dbtools.crest.model.design.relational.Index">
<ind_PK_UK id="3D8EFF15-9243-548D-B8AD-A7E5AFA929E1" name="PK_INSTITUCION_SALUD">
<createdBy>Carlos Iba</createdBy>
<createdTime>2025-09-15 02:29:01 UTC</createdTime>
<ownerDesignName>Centro_medico</ownerDesignName>
<pk>true</pk>
<indexState>Primary Constraint</indexState>
<indexColumnUsage>
<colUsage columnID="85418892-719A-FDC8-5E98-034EA069BAB4"/>
</indexColumnUsage>
</ind_PK_UK>
<ind_PK_UK id="B704BB5B-8620-D0DB-C498-D3900600721B" name="INSTITUCION_SALUD_institucion_id_UN">
<createdBy>Carlos Iba</createdBy>
<createdTime>2025-09-15 02:29:01 UTC</createdTime>
<generatorID>1F2FBFFF-9B4D-3CE8-0A31-8FE4DDFBDAE7</generatorID>
<ownerDesignName>Centro_medico</ownerDesignName>
<indexState>Unique Constraint</indexState>
<isSurrogateKey>false</isSurrogateKey>
<indexColumnUsage>
<colUsage columnID="397FAAEE-66D7-A699-0071-8CE6C6EE2639"/>
</indexColumnUsage>
</ind_PK_UK>
<ind_PK_UK id="27396EDC-D7CA-F5DA-EA81-F7092FB7D982" name="FK_INSTITUCION_SALUD_MEDICO">
<createdBy>Carlos Iba</createdBy>
<createdTime>2025-09-15 02:29:01 UTC</createdTime>
<generatorID>93F15822-8C2B-443D-A539-1F7E949D6677</generatorID>
<ownerDesignName>Centro_medico</ownerDesignName>
<indexState>Foreign Key</indexState>
<isSurrogateKey>false</isSurrogateKey>
<indexColumnUsage>
<colUsage columnID="63CC01B6-7415-30EF-3B9D-D498A699C341"/>
</indexColumnUsage>
</ind_PK_UK>
</indexes>
</Table>
