<?xml version = '1.0' encoding = 'UTF-8'?>
<Table class="oracle.dbtools.crest.model.design.relational.Table" directorySegmentName="seg_0" id="93AA4F66-CF6B-B286-B382-226FD05D22F9" name="AFP">
<createdBy>Carlos Iba</createdBy>
<createdTime>2025-09-15 02:29:01 UTC</createdTime>
<generatorID>10068329-B4E9-7A91-6A25-2334D06B7DE6</generatorID>
<ownerDesignName>Centro_medico</ownerDesignName>
<allowColumnReorder>false</allowColumnReorder>
<existDependencyGenerateInDDl>true</existDependencyGenerateInDDl>
<parsed>true</parsed>
<columns itemClass="oracle.dbtools.crest.model.design.relational.Column">
<Column name="afp_id" id="A104CCCA-AE1D-0813-E3E9-ED995E4B11B8">
<createdBy>Carlos Iba</createdBy>
<createdTime>2025-09-15 02:29:01 UTC</createdTime>
<generatorID>55943AAD-70E0-3562-B550-370C3AE93758</generatorID>
<ownerDesignName>Centro_medico</ownerDesignName>
<useDomainConstraints>false</useDomainConstraints>
<use>1</use>
<logicalDatatype>LOGDT019</logicalDatatype>
<dataTypePrecision>3</dataTypePrecision>
<ownDataTypeParameters>,3,</ownDataTypeParameters>
<autoIncrementCycle>false</autoIncrementCycle>
</Column>
<Column name="nombre" id="8A4D109F-9D27-282D-CE2F-1FB791F24773">
<createdBy>Carlos Iba</createdBy>
<createdTime>2025-09-15 02:29:01 UTC</createdTime>
<generatorID>1A647AD6-7E41-9E3C-9708-6332464E4E76</generatorID>
<ownerDesignName>Centro_medico</ownerDesignName>
<useDomainConstraints>false</useDomainConstraints>
<use>1</use>
<logicalDatatype>LOGDT024</logicalDatatype>
<dataTypeSize>100 CHAR</dataTypeSize>
<ownDataTypeParameters>100 CHAR,,</ownDataTypeParameters>
<autoIncrementCycle>false</autoIncrementCycle>
</Column>
<Column name="rut" id="001F6C3F-11E7-9614-94C6-2FFEE17A4D56">
<createdBy>Carlos Iba</createdBy>
<createdTime>2025-09-15 02:29:01 UTC</createdTime>
<generatorID>CC75121A-3870-8E50-373B-EC2035E5BB87</generatorID>
<ownerDesignName>Centro_medico</ownerDesignName>
<useDomainConstraints>false</useDomainConstraints>
<use>1</use>
<logicalDatatype>LOGDT024</logicalDatatype>
<dataTypeSize>12 CHAR</dataTypeSize>
<ownDataTypeParameters>,,</ownDataTypeParameters>
<previousColumn>false</previousColumn>
<autoIncrementCycle>false</autoIncrementCycle>
<associations>
<colAssociation fkAssociation="08232235-41AA-F95B-CBBF-554E934168D2" referredColumn="0090E4E9-9459-9623-C48C-35D0EF02C6D0"/>
</associations>
</Column>
<Column name="AFP_ID1" id="89EFC4D1-03CD-5952-8C40-E4BA989C7AA8">
<createdBy>Carlos Iba</createdBy>
<createdTime>2025-09-15 02:29:01 UTC</createdTime>
<ownerDesignName>Centro_medico</ownerDesignName>
<useDomainConstraints>false</useDomainConstraints>
<use>1</use>
<logicalDatatype>LOGDT019</logicalDatatype>
<ownDataTypeParameters>,,</ownDataTypeParameters>
<autoIncrementColumn>true</autoIncrementColumn>
<identityColumn>true</identityColumn>
<autoIncrementCycle>false</autoIncrementCycle>
<isSurrogateColumn>true</isSurrogateColumn>
</Column>
</columns>
<indexes itemClass="oracle.dbtools.crest.model.design.relational.Index">
<ind_PK_UK id="454C1D79-5751-2A95-38B1-25B6DF566793" name="PK_AFP">
<createdBy>Carlos Iba</createdBy>
<createdTime>2025-09-15 02:29:01 UTC</createdTime>
<ownerDesignName>Centro_medico</ownerDesignName>
<pk>true</pk>
<indexState>Primary Constraint</indexState>
<indexColumnUsage>
<colUsage columnID="89EFC4D1-03CD-5952-8C40-E4BA989C7AA8"/>
</indexColumnUsage>
</ind_PK_UK>
<ind_PK_UK id="55BC145E-C112-F194-33CB-FB27400C1C3D" name="AFP_afp_id_UN">
<createdBy>Carlos Iba</createdBy>
<createdTime>2025-09-15 02:29:01 UTC</createdTime>
<generatorID>B2BF4C8A-4F87-29BC-E836-73B1F5A9C11A</generatorID>
<ownerDesignName>Centro_medico</ownerDesignName>
<indexState>Unique Constraint</indexState>
<isSurrogateKey>false</isSurrogateKey>
<indexColumnUsage>
<colUsage columnID="A104CCCA-AE1D-0813-E3E9-ED995E4B11B8"/>
</indexColumnUsage>
</ind_PK_UK>
<ind_PK_UK id="64FA64E0-5F18-B4CA-5975-6E157C8853CE" name="FK_AFP_MEDICO">
<createdBy>Carlos Iba</createdBy>
<createdTime>2025-09-15 02:29:01 UTC</createdTime>
<generatorID>625A1966-3999-7EC2-AB0D-E10466249879</generatorID>
<ownerDesignName>Centro_medico</ownerDesignName>
<indexState>Foreign Key</indexState>
<isSurrogateKey>false</isSurrogateKey>
<indexColumnUsage>
<colUsage columnID="001F6C3F-11E7-9614-94C6-2FFEE17A4D56"/>
</indexColumnUsage>
</ind_PK_UK>
</indexes>
</Table>
