<?xml version = '1.0' encoding = 'UTF-8'?>
<Table class="oracle.dbtools.crest.model.design.relational.Table" directorySegmentName="seg_0" id="C0354DB9-59AE-35C3-8BFE-B01D2540CB2D" name="UNIDAD_ATENCION">
<createdBy>Carlos Iba</createdBy>
<createdTime>2025-09-15 02:29:01 UTC</createdTime>
<generatorID>FF345A78-AABC-4AE5-A12C-D31E42FED77E</generatorID>
<ownerDesignName>Centro_medico</ownerDesignName>
<allowColumnReorder>false</allowColumnReorder>
<existDependencyGenerateInDDl>true</existDependencyGenerateInDDl>
<parsed>true</parsed>
<columns itemClass="oracle.dbtools.crest.model.design.relational.Column">
<Column name="unidad_id" id="BBBCFCF6-9895-ABB2-FAF5-60E7F74D2B06">
<createdBy>Carlos Iba</createdBy>
<createdTime>2025-09-15 02:29:01 UTC</createdTime>
<generatorID>07C7CAB5-355E-B8D2-D528-67AFB434800D</generatorID>
<ownerDesignName>Centro_medico</ownerDesignName>
<useDomainConstraints>false</useDomainConstraints>
<use>1</use>
<logicalDatatype>LOGDT019</logicalDatatype>
<dataTypePrecision>3</dataTypePrecision>
<ownDataTypeParameters>,3,</ownDataTypeParameters>
<autoIncrementCycle>false</autoIncrementCycle>
</Column>
<Column name="nombre" id="03742158-9A1D-F6B2-4631-C00E18FF5C05">
<createdBy>Carlos Iba</createdBy>
<createdTime>2025-09-15 02:29:01 UTC</createdTime>
<generatorID>FDEE7F16-60C4-A976-BE35-936AB087FCF0</generatorID>
<ownerDesignName>Centro_medico</ownerDesignName>
<useDomainConstraints>false</useDomainConstraints>
<use>1</use>
<logicalDatatype>LOGDT024</logicalDatatype>
<dataTypeSize>100 CHAR</dataTypeSize>
<ownDataTypeParameters>100 CHAR,,</ownDataTypeParameters>
<autoIncrementCycle>false</autoIncrementCycle>
</Column>
<Column name="rut" id="23EE9915-F970-F53E-1EF6-6C120683DC53">
<createdBy>Carlos Iba</createdBy>
<createdTime>2025-09-15 02:29:01 UTC</createdTime>
<generatorID>D309FAEB-EEC9-7B2D-EB88-005BEAE08F31</generatorID>
<ownerDesignName>Centro_medico</ownerDesignName>
<useDomainConstraints>false</useDomainConstraints>
<use>1</use>
<logicalDatatype>LOGDT024</logicalDatatype>
<dataTypeSize>12 CHAR</dataTypeSize>
<ownDataTypeParameters>,,</ownDataTypeParameters>
<previousColumn>false</previousColumn>
<autoIncrementCycle>false</autoIncrementCycle>
<associations>
<colAssociation fkAssociation="FD8266F5-DD5F-1069-5CDE-3CEEB3A3E189" referredColumn="0090E4E9-9459-9623-C48C-35D0EF02C6D0"/>
</associations>
</Column>
<Column name="UNIDAD_ATENCION_ID" id="EBAF0042-65A7-C438-6018-DFEB5B139A61">
<createdBy>Carlos Iba</createdBy>
<createdTime>2025-09-15 02:29:01 UTC</createdTime>
<ownerDesignName>Centro_medico</ownerDesignName>
<useDomainConstraints>false</useDomainConstraints>
<use>1</use>
<logicalDatatype>LOGDT019</logicalDatatype>
<ownDataTypeParameters>,,</ownDataTypeParameters>
<autoIncrementColumn>true</autoIncrementColumn>
<identityColumn>true</identityColumn>
<autoIncrementCycle>false</autoIncrementCycle>
<isSurrogateColumn>true</isSurrogateColumn>
</Column>
</columns>
<indexes itemClass="oracle.dbtools.crest.model.design.relational.Index">
<ind_PK_UK id="37EBB975-5DBE-3C6C-F4E2-C29C3B8CACA9" name="PK_UNIDAD_ATENCION">
<createdBy>Carlos Iba</createdBy>
<createdTime>2025-09-15 02:29:01 UTC</createdTime>
<ownerDesignName>Centro_medico</ownerDesignName>
<pk>true</pk>
<indexState>Primary Constraint</indexState>
<indexColumnUsage>
<colUsage columnID="EBAF0042-65A7-C438-6018-DFEB5B139A61"/>
</indexColumnUsage>
</ind_PK_UK>
<ind_PK_UK id="9E5EAB9E-4C72-5D7F-730E-AD822202B664" name="UNIDAD_ATENCION_unidad_id_UN">
<createdBy>Carlos Iba</createdBy>
<createdTime>2025-09-15 02:29:01 UTC</createdTime>
<generatorID>8D2CD9E7-FBCD-C3DE-4F84-CDC74E833690</generatorID>
<ownerDesignName>Centro_medico</ownerDesignName>
<indexState>Unique Constraint</indexState>
<isSurrogateKey>false</isSurrogateKey>
<indexColumnUsage>
<colUsage columnID="BBBCFCF6-9895-ABB2-FAF5-60E7F74D2B06"/>
</indexColumnUsage>
</ind_PK_UK>
<ind_PK_UK id="A50FDA0C-0475-DC1B-A855-C5AA6290E8AD" name="FK_UNIDAD_ATENCION_MEDICO">
<createdBy>Carlos Iba</createdBy>
<createdTime>2025-09-15 02:29:01 UTC</createdTime>
<generatorID>FBE6C257-891D-F125-E86B-61B499CCF373</generatorID>
<ownerDesignName>Centro_medico</ownerDesignName>
<indexState>Foreign Key</indexState>
<isSurrogateKey>false</isSurrogateKey>
<indexColumnUsage>
<colUsage columnID="23EE9915-F970-F53E-1EF6-6C120683DC53"/>
</indexColumnUsage>
</ind_PK_UK>
</indexes>
</Table>
