<?xml version = '1.0' encoding = 'UTF-8'?>
<Table class="oracle.dbtools.crest.model.design.relational.Table" directorySegmentName="seg_0" id="C9F11F20-752A-7AA9-885B-AD92C79356B5" name="COMUNA">
<createdBy>Carlos Iba</createdBy>
<createdTime>2025-09-15 02:29:01 UTC</createdTime>
<generatorID>D4D6CA4A-EF75-81AD-6DE0-04A7FADE116A</generatorID>
<ownerDesignName>Centro_medico</ownerDesignName>
<allowColumnReorder>false</allowColumnReorder>
<existDependencyGenerateInDDl>true</existDependencyGenerateInDDl>
<parsed>true</parsed>
<columns itemClass="oracle.dbtools.crest.model.design.relational.Column">
<Column name="Comuna_id" id="099EEEE0-3EC7-D293-504B-43908AF8CFF5">
<createdBy>Carlos Iba</createdBy>
<createdTime>2025-09-15 02:29:01 UTC</createdTime>
<generatorID>91C49921-FA04-A778-3DAD-6C1B6D35A8DE</generatorID>
<ownerDesignName>Centro_medico</ownerDesignName>
<useDomainConstraints>false</useDomainConstraints>
<use>1</use>
<logicalDatatype>LOGDT019</logicalDatatype>
<dataTypePrecision>4</dataTypePrecision>
<ownDataTypeParameters>,4,</ownDataTypeParameters>
<autoIncrementCycle>false</autoIncrementCycle>
</Column>
<Column name="nombre" id="67049FB4-6791-72A7-AB2F-67593DFAB51A">
<createdBy>Carlos Iba</createdBy>
<createdTime>2025-09-15 02:29:01 UTC</createdTime>
<generatorID>922C2E3E-EE82-5098-1420-4075B00DB19E</generatorID>
<ownerDesignName>Centro_medico</ownerDesignName>
<useDomainConstraints>false</useDomainConstraints>
<use>1</use>
<logicalDatatype>LOGDT024</logicalDatatype>
<dataTypeSize>100 CHAR</dataTypeSize>
<ownDataTypeParameters>100 CHAR,,</ownDataTypeParameters>
<autoIncrementCycle>false</autoIncrementCycle>
</Column>
<Column name="region_id" id="3AF6232D-3E61-1D9C-DD7A-BDA3CB638AF2">
<createdBy>Carlos Iba</createdBy>
<createdTime>2025-09-15 02:29:01 UTC</createdTime>
<generatorID>5AB211DE-3774-2E8C-79AA-CA8679EF9274</generatorID>
<ownerDesignName>Centro_medico</ownerDesignName>
<nullsAllowed>true</nullsAllowed>
<useDomainConstraints>false</useDomainConstraints>
<use>1</use>
<logicalDatatype>LOGDT019</logicalDatatype>
<dataTypePrecision>3</dataTypePrecision>
<ownDataTypeParameters>,3,</ownDataTypeParameters>
<autoIncrementCycle>false</autoIncrementCycle>
</Column>
<Column name="rut" id="C45C1C40-10C3-8541-4CD7-1A00791CB9B9">
<createdBy>Carlos Iba</createdBy>
<createdTime>2025-09-15 02:29:01 UTC</createdTime>
<generatorID>976E4006-4B9B-3C13-8F9B-3B15069BDB2A</generatorID>
<ownerDesignName>Centro_medico</ownerDesignName>
<useDomainConstraints>false</useDomainConstraints>
<use>1</use>
<logicalDatatype>LOGDT024</logicalDatatype>
<dataTypeSize>12 CHAR</dataTypeSize>
<ownDataTypeParameters>,,</ownDataTypeParameters>
<previousColumn>false</previousColumn>
<autoIncrementCycle>false</autoIncrementCycle>
<associations>
<colAssociation fkAssociation="B6EBFFD4-52D5-62B8-5503-064EED87695F" referredColumn="E10F1216-8DCE-F51E-DFE2-63E0D6CF5F8A"/>
</associations>
</Column>
<Column name="COMUNA_ID1" id="28FDE029-1625-DA49-79B1-9C9B7958B54F">
<createdBy>Carlos Iba</createdBy>
<createdTime>2025-09-15 02:29:01 UTC</createdTime>
<ownerDesignName>Centro_medico</ownerDesignName>
<useDomainConstraints>false</useDomainConstraints>
<use>1</use>
<logicalDatatype>LOGDT019</logicalDatatype>
<ownDataTypeParameters>,,</ownDataTypeParameters>
<autoIncrementColumn>true</autoIncrementColumn>
<identityColumn>true</identityColumn>
<autoIncrementCycle>false</autoIncrementCycle>
<isSurrogateColumn>true</isSurrogateColumn>
</Column>
</columns>
<indexes itemClass="oracle.dbtools.crest.model.design.relational.Index">
<ind_PK_UK id="AECC0467-557E-62AF-E1FC-3D30D73AEF28" name="PK_COMUNA">
<createdBy>Carlos Iba</createdBy>
<createdTime>2025-09-15 02:29:01 UTC</createdTime>
<ownerDesignName>Centro_medico</ownerDesignName>
<pk>true</pk>
<indexState>Primary Constraint</indexState>
<indexColumnUsage>
<colUsage columnID="28FDE029-1625-DA49-79B1-9C9B7958B54F"/>
</indexColumnUsage>
</ind_PK_UK>
<ind_PK_UK id="DA5BAEBA-4BF9-5D62-785F-DCF05B0EB20A" name="COMUNA_Comuna_id_UN">
<createdBy>Carlos Iba</createdBy>
<createdTime>2025-09-15 02:29:01 UTC</createdTime>
<generatorID>6EF7A466-D2BB-C138-B289-92B21BCA74C8</generatorID>
<ownerDesignName>Centro_medico</ownerDesignName>
<indexState>Unique Constraint</indexState>
<isSurrogateKey>false</isSurrogateKey>
<indexColumnUsage>
<colUsage columnID="099EEEE0-3EC7-D293-504B-43908AF8CFF5"/>
</indexColumnUsage>
</ind_PK_UK>
<ind_PK_UK id="A49C6074-2D37-149A-5936-EB2B2AA55A21" name="FK_COMUNA_PACIENTE">
<createdBy>Carlos Iba</createdBy>
<createdTime>2025-09-15 02:29:01 UTC</createdTime>
<generatorID>3D2F5EB1-CE55-93D5-A445-764F44ED6DB7</generatorID>
<ownerDesignName>Centro_medico</ownerDesignName>
<indexState>Foreign Key</indexState>
<isSurrogateKey>false</isSurrogateKey>
<indexColumnUsage>
<colUsage columnID="C45C1C40-10C3-8541-4CD7-1A00791CB9B9"/>
</indexColumnUsage>
</ind_PK_UK>
</indexes>
</Table>
