<?xml version = '1.0' encoding = 'UTF-8'?>
<Table class="oracle.dbtools.crest.model.design.relational.Table" directorySegmentName="seg_0" id="F2C27759-51C2-0C01-C882-D7BCC8069AF0" name="ATENCION_MEDICA">
<createdBy>Carlos Iba</createdBy>
<createdTime>2025-09-15 02:29:01 UTC</createdTime>
<generatorID>83E51DD8-E7FA-C3EC-FF72-578AFB1CDB11</generatorID>
<ownerDesignName>Centro_medico</ownerDesignName>
<allowColumnReorder>false</allowColumnReorder>
<existDependencyGenerateInDDl>true</existDependencyGenerateInDDl>
<parsed>true</parsed>
<columns itemClass="oracle.dbtools.crest.model.design.relational.Column">
<Column name="atencion_id" id="21046474-8569-C378-442F-51F8B6D97801">
<createdBy>Carlos Iba</createdBy>
<createdTime>2025-09-15 02:29:01 UTC</createdTime>
<generatorID>18FFDBD5-9787-7CB3-0415-F4DA90528A96</generatorID>
<ownerDesignName>Centro_medico</ownerDesignName>
<useDomainConstraints>false</useDomainConstraints>
<use>1</use>
<logicalDatatype>LOGDT019</logicalDatatype>
<dataTypePrecision>6</dataTypePrecision>
<ownDataTypeParameters>,6,</ownDataTypeParameters>
<autoIncrementCycle>false</autoIncrementCycle>
</Column>
<Column name="fecha_hora" id="E069D1F3-B51B-FB37-68E6-F78CE5E8F64D">
<createdBy>Carlos Iba</createdBy>
<createdTime>2025-09-15 02:29:01 UTC</createdTime>
<generatorID>F6838888-610E-25A8-0254-7761D9F365DD</generatorID>
<ownerDesignName>Centro_medico</ownerDesignName>
<useDomainConstraints>false</useDomainConstraints>
<use>1</use>
<logicalDatatype>LOGDT015</logicalDatatype>
<ownDataTypeParameters>,,</ownDataTypeParameters>
<autoIncrementCycle>false</autoIncrementCycle>
</Column>
<Column name="tipo_atencion" id="5C100755-BA15-86F6-FF1C-08CCB53F87E2">
<createdBy>Carlos Iba</createdBy>
<createdTime>2025-09-15 02:29:01 UTC</createdTime>
<generatorID>44D04BAB-4901-C73E-10A5-CB94C183F7CE</generatorID>
<ownerDesignName>Centro_medico</ownerDesignName>
<useDomainConstraints>false</useDomainConstraints>
<use>1</use>
<logicalDatatype>LOGDT024</logicalDatatype>
<dataTypeSize>30 CHAR</dataTypeSize>
<ownDataTypeParameters>30 CHAR,,</ownDataTypeParameters>
<autoIncrementCycle>false</autoIncrementCycle>
</Column>
<Column name="diagnostico" id="2C7FA383-C158-22FC-4338-EFDB3D8C7EA5">
<createdBy>Carlos Iba</createdBy>
<createdTime>2025-09-15 02:29:01 UTC</createdTime>
<generatorID>5C733F93-EF20-E135-AF91-6A36B4C3D216</generatorID>
<ownerDesignName>Centro_medico</ownerDesignName>
<nullsAllowed>true</nullsAllowed>
<useDomainConstraints>false</useDomainConstraints>
<use>1</use>
<logicalDatatype>LOGDT024</logicalDatatype>
<dataTypeSize>1000 CHAR</dataTypeSize>
<ownDataTypeParameters>1000 CHAR,,</ownDataTypeParameters>
<autoIncrementCycle>false</autoIncrementCycle>
</Column>
<Column name="paciente_rut" id="4E3EF905-F354-FCD7-3A37-5150240CE3F1">
<createdBy>Carlos Iba</createdBy>
<createdTime>2025-09-15 02:29:01 UTC</createdTime>
<generatorID>896F587A-2BE7-FC6D-1FA9-1886298C5EB6</generatorID>
<ownerDesignName>Centro_medico</ownerDesignName>
<useDomainConstraints>false</useDomainConstraints>
<use>1</use>
<logicalDatatype>LOGDT024</logicalDatatype>
<dataTypeSize>12 CHAR</dataTypeSize>
<ownDataTypeParameters>12 CHAR,,</ownDataTypeParameters>
<autoIncrementCycle>false</autoIncrementCycle>
</Column>
<Column name="medico_rut" id="6DFCF5EF-3E6A-2C97-673B-434FD1A17CF7">
<createdBy>Carlos Iba</createdBy>
<createdTime>2025-09-15 02:29:01 UTC</createdTime>
<generatorID>1B1A292B-6D91-6EDC-E401-DAFC98F854FD</generatorID>
<ownerDesignName>Centro_medico</ownerDesignName>
<useDomainConstraints>false</useDomainConstraints>
<use>1</use>
<logicalDatatype>LOGDT024</logicalDatatype>
<dataTypeSize>12 CHAR</dataTypeSize>
<ownDataTypeParameters>12 CHAR,,</ownDataTypeParameters>
<autoIncrementCycle>false</autoIncrementCycle>
</Column>
<Column name="pago_id" id="3DC00CA3-8AC5-6303-FE4F-2D25CBA37A5D">
<createdBy>Carlos Iba</createdBy>
<createdTime>2025-09-15 02:29:01 UTC</createdTime>
<generatorID>507AE14F-B3D1-3F53-128E-DF41CF9570DB</generatorID>
<ownerDesignName>Centro_medico</ownerDesignName>
<useDomainConstraints>false</useDomainConstraints>
<use>1</use>
<logicalDatatype>LOGDT019</logicalDatatype>
<dataTypePrecision>6</dataTypePrecision>
<ownDataTypeParameters>,,</ownDataTypeParameters>
<previousColumn>false</previousColumn>
<autoIncrementCycle>false</autoIncrementCycle>
<associations>
<colAssociation fkAssociation="F128B30D-46F7-F0F2-92F2-AE8A405CD82E" referredColumn="39928754-5044-8AF0-0FF1-69755A780417"/>
</associations>
</Column>
<Column name="atencion_id1" id="CA0DB806-B28F-1996-DD51-7F0A9974CAB4">
<createdBy>Carlos Iba</createdBy>
<createdTime>2025-09-15 02:29:01 UTC</createdTime>
<generatorID>8E6BC8DC-B31E-69EF-895C-87B6F1E8F765</generatorID>
<ownerDesignName>Centro_medico</ownerDesignName>
<useDomainConstraints>false</useDomainConstraints>
<use>1</use>
<logicalDatatype>LOGDT019</logicalDatatype>
<dataTypePrecision>6</dataTypePrecision>
<ownDataTypeParameters>,,</ownDataTypeParameters>
<previousColumn>false</previousColumn>
<autoIncrementCycle>false</autoIncrementCycle>
<associations>
<colAssociation fkAssociation="7509AF66-06BA-C8E6-28B4-B85127AB534F" referredColumn="0069B558-9EA2-8D6B-2F6D-9991D1A44C81"/>
</associations>
</Column>
<Column name="examen_codigo" id="292B9011-56EE-10F0-FB24-60DBB8436D35">
<createdBy>Carlos Iba</createdBy>
<createdTime>2025-09-15 02:29:01 UTC</createdTime>
<generatorID>E7FD3021-6C0D-5109-B033-DB7A00CECF28</generatorID>
<ownerDesignName>Centro_medico</ownerDesignName>
<useDomainConstraints>false</useDomainConstraints>
<use>1</use>
<logicalDatatype>LOGDT024</logicalDatatype>
<dataTypeSize>20 CHAR</dataTypeSize>
<ownDataTypeParameters>,,</ownDataTypeParameters>
<previousColumn>false</previousColumn>
<autoIncrementCycle>false</autoIncrementCycle>
<associations>
<colAssociation fkAssociation="7509AF66-06BA-C8E6-28B4-B85127AB534F" referredColumn="8F0C2E75-53C8-7C60-4A6B-4AEE6CB5F838"/>
</associations>
</Column>
<Column name="ATENCION_MEDICA_ID" id="9B87BAEC-3427-6C2B-CA30-E3818204B0EE">
<createdBy>Carlos Iba</createdBy>
<createdTime>2025-09-15 02:29:01 UTC</createdTime>
<ownerDesignName>Centro_medico</ownerDesignName>
<useDomainConstraints>false</useDomainConstraints>
<use>1</use>
<logicalDatatype>LOGDT019</logicalDatatype>
<ownDataTypeParameters>,,</ownDataTypeParameters>
<autoIncrementColumn>true</autoIncrementColumn>
<identityColumn>true</identityColumn>
<autoIncrementCycle>false</autoIncrementCycle>
<isSurrogateColumn>true</isSurrogateColumn>
</Column>
</columns>
<indexes itemClass="oracle.dbtools.crest.model.design.relational.Index">
<ind_PK_UK id="76C48FE1-7DFB-B854-CAE5-796096817326" name="PK_ATENCION_MEDICA">
<createdBy>Carlos Iba</createdBy>
<createdTime>2025-09-15 02:29:01 UTC</createdTime>
<ownerDesignName>Centro_medico</ownerDesignName>
<pk>true</pk>
<indexState>Primary Constraint</indexState>
<indexColumnUsage>
<colUsage columnID="9B87BAEC-3427-6C2B-CA30-E3818204B0EE"/>
</indexColumnUsage>
</ind_PK_UK>
<ind_PK_UK id="DC953DB7-EA71-6381-43B4-525A61F85904" name="ATENCION_MEDICA_atencion_id_UN">
<createdBy>Carlos Iba</createdBy>
<createdTime>2025-09-15 02:29:01 UTC</createdTime>
<generatorID>079470AF-10B8-04F1-2A2D-D839AE9DE35C</generatorID>
<ownerDesignName>Centro_medico</ownerDesignName>
<indexState>Unique Constraint</indexState>
<isSurrogateKey>false</isSurrogateKey>
<indexColumnUsage>
<colUsage columnID="21046474-8569-C378-442F-51F8B6D97801"/>
</indexColumnUsage>
</ind_PK_UK>
<ind_PK_UK id="588BF9AE-1CD0-2EAD-673B-BCD6D57205FF" name="FK_ATENCION_MEDICA_PAGO_ATENCION">
<createdBy>Carlos Iba</createdBy>
<createdTime>2025-09-15 02:29:01 UTC</createdTime>
<generatorID>96FAE64B-7A7C-438A-0DB4-70FFB560D5D4</generatorID>
<ownerDesignName>Centro_medico</ownerDesignName>
<indexState>Foreign Key</indexState>
<isSurrogateKey>false</isSurrogateKey>
<indexColumnUsage>
<colUsage columnID="3DC00CA3-8AC5-6303-FE4F-2D25CBA37A5D"/>
</indexColumnUsage>
</ind_PK_UK>
<ind_PK_UK id="7D355AD9-2141-1779-DE1D-8E63F9998CAF" name="FK_ATENCION_MEDICA_ATENCION_EXAMEN">
<createdBy>Carlos Iba</createdBy>
<createdTime>2025-09-15 02:29:01 UTC</createdTime>
<generatorID>0BCD1071-5E0E-1648-9569-79DB329C7B2E</generatorID>
<ownerDesignName>Centro_medico</ownerDesignName>
<indexState>Foreign Key</indexState>
<isSurrogateKey>false</isSurrogateKey>
<indexColumnUsage>
<colUsage columnID="CA0DB806-B28F-1996-DD51-7F0A9974CAB4"/>
<colUsage columnID="292B9011-56EE-10F0-FB24-60DBB8436D35"/>
</indexColumnUsage>
</ind_PK_UK>
</indexes>
</Table>
